/*
MySQL Data Transfer
Source Host: localhost
Source Database: police
Target Host: localhost
Target Database: police
Date: 2013/6/25 17:22:01
*/

SET FOREIGN_KEY_CHECKS=0;
-- ----------------------------
-- Table structure for code
-- ----------------------------
CREATE TABLE `code` (
  `codeid` int(11) NOT NULL AUTO_INCREMENT,
  `nextcode` varchar(20) NOT NULL,
  `description` varchar(100) DEFAULT NULL,
  PRIMARY KEY (`codeid`)
) ENGINE=InnoDB AUTO_INCREMENT=5 DEFAULT CHARSET=utf8;

-- ----------------------------
-- Table structure for complaint
-- ----------------------------
CREATE TABLE `complaint` (
  `complaintid` int(11) NOT NULL AUTO_INCREMENT,
  `type` int(11) NOT NULL,
  `sno` varchar(30) NOT NULL,
  `time` datetime NOT NULL,
  `departmentid` int(11) NOT NULL,
  `name` varchar(30) DEFAULT NULL,
  `sex` int(11) DEFAULT NULL,
  `age` int(11) DEFAULT NULL,
  `profession` varchar(30) DEFAULT NULL,
  `address` varchar(100) DEFAULT NULL,
  `mode` int(11) DEFAULT NULL,
  `idnumber` varchar(18) DEFAULT NULL,
  `phone` varchar(30) DEFAULT NULL,
  `people` varchar(100) DEFAULT NULL,
  `question` varchar(2048) NOT NULL,
  `filename` varchar(300) DEFAULT NULL,
  `leadercomment` varchar(200) DEFAULT NULL,
  `investigateresult` varchar(300) DEFAULT NULL,
  `filename2` varchar(300) DEFAULT NULL,
  `yesno` int(11) DEFAULT '0',
  `visitopinion` int(11) DEFAULT '2',
  `time2` datetime DEFAULT NULL,
  `score` int(11) DEFAULT '0',
  `earlywarning` int(11) DEFAULT '0',
  `leaderapproved` int(11) DEFAULT '0',
  `remark` varchar(300) DEFAULT NULL,
  `userid` int(11) DEFAULT NULL,
  `entertime` timestamp NOT NULL DEFAULT CURRENT_TIMESTAMP,
  `userid2` int(11) DEFAULT NULL,
  `edittime` datetime NOT NULL,
  `ip` varchar(40) DEFAULT NULL,
  PRIMARY KEY (`complaintid`),
  UNIQUE KEY `sno` (`sno`),
  KEY `departmentid` (`departmentid`),
  KEY `userid` (`userid`),
  KEY `userid2` (`userid2`),
  CONSTRAINT `complaint_ibfk_1` FOREIGN KEY (`departmentid`) REFERENCES `department` (`departmentid`),
  CONSTRAINT `complaint_ibfk_2` FOREIGN KEY (`userid`) REFERENCES `user` (`userid`),
  CONSTRAINT `complaint_ibfk_3` FOREIGN KEY (`userid2`) REFERENCES `user` (`userid`)
) ENGINE=InnoDB AUTO_INCREMENT=241 DEFAULT CHARSET=utf8;

-- ----------------------------
-- Table structure for complaintdepartment
-- ----------------------------
CREATE TABLE `complaintdepartment` (
  `complaintid` int(11) NOT NULL,
  `departmentid` int(11) NOT NULL,
  PRIMARY KEY (`complaintid`,`departmentid`),
  KEY `departmentid` (`departmentid`),
  CONSTRAINT `complaintdepartment_ibfk_1` FOREIGN KEY (`complaintid`) REFERENCES `complaint` (`complaintid`),
  CONSTRAINT `complaintdepartment_ibfk_2` FOREIGN KEY (`departmentid`) REFERENCES `department` (`departmentid`)
) ENGINE=InnoDB DEFAULT CHARSET=utf8;

-- ----------------------------
-- Table structure for complainthandlesort
-- ----------------------------
CREATE TABLE `complainthandlesort` (
  `complaintid` int(11) NOT NULL,
  `handlesortid` int(11) NOT NULL,
  PRIMARY KEY (`complaintid`,`handlesortid`),
  KEY `handlesortid` (`handlesortid`),
  CONSTRAINT `complainthandlesort_ibfk_1` FOREIGN KEY (`complaintid`) REFERENCES `complaint` (`complaintid`),
  CONSTRAINT `complainthandlesort_ibfk_2` FOREIGN KEY (`handlesortid`) REFERENCES `handlesort` (`handlesortid`)
) ENGINE=InnoDB DEFAULT CHARSET=utf8;

-- ----------------------------
-- Table structure for complaintinspector
-- ----------------------------
CREATE TABLE `complaintinspector` (
  `complaintid` int(11) NOT NULL,
  `userid` int(11) NOT NULL,
  PRIMARY KEY (`complaintid`,`userid`),
  KEY `userid` (`userid`),
  CONSTRAINT `complaintinspector_ibfk_1` FOREIGN KEY (`complaintid`) REFERENCES `complaint` (`complaintid`),
  CONSTRAINT `complaintinspector_ibfk_2` FOREIGN KEY (`userid`) REFERENCES `user` (`userid`)
) ENGINE=InnoDB DEFAULT CHARSET=utf8;

-- ----------------------------
-- Table structure for complaintquestionsort
-- ----------------------------
CREATE TABLE `complaintquestionsort` (
  `complaintid` int(11) NOT NULL,
  `questionsortid` int(11) NOT NULL,
  PRIMARY KEY (`complaintid`,`questionsortid`),
  KEY `questionsortid` (`questionsortid`),
  CONSTRAINT `complaintquestionsort_ibfk_1` FOREIGN KEY (`complaintid`) REFERENCES `complaint` (`complaintid`),
  CONSTRAINT `complaintquestionsort_ibfk_2` FOREIGN KEY (`questionsortid`) REFERENCES `questionsort` (`questionsortid`)
) ENGINE=InnoDB DEFAULT CHARSET=utf8;

-- ----------------------------
-- Table structure for department
-- ----------------------------
CREATE TABLE `department` (
  `type` int(11) DEFAULT '0',
  `departmentid` int(11) NOT NULL AUTO_INCREMENT,
  `name` varchar(30) NOT NULL,
  `address` varchar(100) DEFAULT NULL,
  `phone` varchar(40) DEFAULT NULL,
  `description` varchar(100) DEFAULT NULL,
  PRIMARY KEY (`departmentid`),
  UNIQUE KEY `name` (`name`)
) ENGINE=InnoDB AUTO_INCREMENT=52 DEFAULT CHARSET=utf8;

-- ----------------------------
-- Table structure for feedback
-- ----------------------------
CREATE TABLE `feedback` (
  `feedbackid` int(11) NOT NULL AUTO_INCREMENT,
  `departmentid` int(11) NOT NULL,
  `complaintid` int(11) NOT NULL,
  `userid` int(11) DEFAULT NULL,
  `message` varchar(1000) DEFAULT NULL,
  `description` varchar(100) DEFAULT NULL,
  PRIMARY KEY (`feedbackid`),
  KEY `complaintid` (`complaintid`),
  KEY `departmentid` (`departmentid`),
  KEY `userid` (`userid`),
  CONSTRAINT `feedback_ibfk_1` FOREIGN KEY (`complaintid`) REFERENCES `complaint` (`complaintid`),
  CONSTRAINT `feedback_ibfk_2` FOREIGN KEY (`departmentid`) REFERENCES `department` (`departmentid`),
  CONSTRAINT `feedback_ibfk_3` FOREIGN KEY (`userid`) REFERENCES `user` (`userid`)
) ENGINE=InnoDB DEFAULT CHARSET=utf8;

-- ----------------------------
-- Table structure for handlesort
-- ----------------------------
CREATE TABLE `handlesort` (
  `handlesortid` int(11) NOT NULL AUTO_INCREMENT,
  `name` varchar(30) NOT NULL,
  `description` varchar(100) DEFAULT NULL,
  PRIMARY KEY (`handlesortid`),
  UNIQUE KEY `name` (`name`)
) ENGINE=InnoDB AUTO_INCREMENT=17 DEFAULT CHARSET=utf8;

-- ----------------------------
-- Table structure for module
-- ----------------------------
CREATE TABLE `module` (
  `moduleid` varchar(30) NOT NULL,
  `name` varchar(50) NOT NULL,
  `icon` varchar(100) DEFAULT NULL,
  `link` varchar(200) DEFAULT NULL,
  PRIMARY KEY (`moduleid`)
) ENGINE=InnoDB DEFAULT CHARSET=utf8;

-- ----------------------------
-- Table structure for questionsort
-- ----------------------------
CREATE TABLE `questionsort` (
  `questionsortid` int(11) NOT NULL AUTO_INCREMENT,
  `name` varchar(30) NOT NULL,
  `description` varchar(100) DEFAULT NULL,
  PRIMARY KEY (`questionsortid`),
  UNIQUE KEY `name` (`name`)
) ENGINE=InnoDB AUTO_INCREMENT=7 DEFAULT CHARSET=utf8;

-- ----------------------------
-- Table structure for role
-- ----------------------------
CREATE TABLE `role` (
  `roleid` int(11) NOT NULL AUTO_INCREMENT,
  `name` varchar(30) NOT NULL,
  `description` varchar(100) DEFAULT NULL,
  PRIMARY KEY (`roleid`),
  UNIQUE KEY `name` (`name`)
) ENGINE=InnoDB AUTO_INCREMENT=7 DEFAULT CHARSET=utf8;

-- ----------------------------
-- Table structure for rolemodule
-- ----------------------------
CREATE TABLE `rolemodule` (
  `roleid` int(11) NOT NULL,
  `moduleid` varchar(30) NOT NULL,
  PRIMARY KEY (`roleid`,`moduleid`),
  KEY `RoleModule_fk2` (`moduleid`),
  CONSTRAINT `RoleModule_fk` FOREIGN KEY (`roleid`) REFERENCES `role` (`roleid`),
  CONSTRAINT `RoleModule_fk2` FOREIGN KEY (`moduleid`) REFERENCES `module` (`moduleid`)
) ENGINE=InnoDB DEFAULT CHARSET=utf8;

-- ----------------------------
-- Table structure for scoreserial
-- ----------------------------
CREATE TABLE `scoreserial` (
  `serialid` int(11) NOT NULL AUTO_INCREMENT,
  `score` int(11) NOT NULL,
  PRIMARY KEY (`serialid`),
  UNIQUE KEY `score` (`score`)
) ENGINE=InnoDB AUTO_INCREMENT=14 DEFAULT CHARSET=utf8;

-- ----------------------------
-- Table structure for user
-- ----------------------------
CREATE TABLE `user` (
  `departmentid` int(11) NOT NULL,
  `userid` int(11) NOT NULL AUTO_INCREMENT,
  `username` varchar(20) NOT NULL,
  `pwd` varchar(20) DEFAULT '123456',
  `sno` varchar(10) DEFAULT NULL,
  `entrytime` datetime DEFAULT NULL,
  `job` varchar(20) DEFAULT NULL,
  `realname` varchar(20) NOT NULL,
  `sex` int(11) DEFAULT '0',
  `birthday` date DEFAULT NULL,
  `idnumber` varchar(18) DEFAULT NULL,
  `photo` varchar(100) DEFAULT NULL,
  `mobile` varchar(30) DEFAULT NULL,
  `phone` varchar(30) DEFAULT NULL,
  `email` varchar(100) DEFAULT NULL,
  `qq` varchar(20) DEFAULT NULL,
  `state` int(11) DEFAULT '1',
  `indate` timestamp NOT NULL DEFAULT CURRENT_TIMESTAMP,
  `latest_login_time` datetime DEFAULT NULL,
  `login_times` int(11) DEFAULT NULL,
  `description` varchar(200) DEFAULT NULL,
  PRIMARY KEY (`userid`),
  KEY `departmentid` (`departmentid`),
  CONSTRAINT `user_ibfk_1` FOREIGN KEY (`departmentid`) REFERENCES `department` (`departmentid`)
) ENGINE=InnoDB AUTO_INCREMENT=52 DEFAULT CHARSET=utf8;

-- ----------------------------
-- Table structure for userrole
-- ----------------------------
CREATE TABLE `userrole` (
  `userid` int(11) NOT NULL,
  `roleid` int(11) NOT NULL,
  PRIMARY KEY (`userid`,`roleid`),
  KEY `roleid` (`roleid`),
  CONSTRAINT `userrole_ibfk_1` FOREIGN KEY (`userid`) REFERENCES `user` (`userid`),
  CONSTRAINT `userrole_ibfk_2` FOREIGN KEY (`roleid`) REFERENCES `role` (`roleid`)
) ENGINE=InnoDB DEFAULT CHARSET=utf8;

-- ----------------------------
-- Records 
-- ----------------------------
INSERT INTO `code` VALUES ('1', 'TS0116', '(举报)投诉');
INSERT INTO `code` VALUES ('2', 'XC0034', '现场(督察)');
INSERT INTO `code` VALUES ('3', 'WD0038', '网上督察');
INSERT INTO `code` VALUES ('4', 'WY0060', '网络舆情');
INSERT INTO `complaint` VALUES ('154', '3', 'WY0003', '2013-04-28 00:00:00', '5', '耿磊', '1', '0', null, '邯郸论坛', null, null, '18631012350', '王文超', '当事人耿磊于3月27日9时左右，驾驶助力摩托车行驶至人民路市委门口，被六大队王文超查扣，并给予其罚款400元，记24分的处罚，在缴纳罚款后，对所交停车费表示难以理解，希望有关部门进行解释。', '', '尚局长在支队《收文呈批笺》“建议由督察处核查上报”的拟办意见签署：同意。', '经查，该投诉属实。同时，执勤民警王文超执勤时存在未按规定使用执法记录仪的问题。', '无', '1', '0', '2013-05-02 00:00:00', '2', '1', '1', '该投诉调查完结后，于5月3日上报支队办公室，由支队办公室向市局办公室反馈。', '12', '2013-05-21 10:38:44', '12', '2013-05-21 10:38:44', '');
INSERT INTO `complaint` VALUES ('155', '0', 'TS0010', '2013-05-02 00:00:00', '4', '李中杰 ', '1', '0', '', '永年县', '1', '', '13903206095', '任秋元', '永年县李某带其子投诉永年县交警大队事故科在处理其子李志恒交通事故案件中包庇肇事司机胡进坡酒驾、闯红灯未扣留驾驶员，要求答复。', '', '', '经调查，2011年6月19日李志恒驾驶冀DZX121号小型汽车与河南省胡进坡驾驶豫R59332大型货车发生交通事故。事故发生后，经验血双方司机均未饮酒，因事发路口没有安装监控，无法证明双方是那方闯的红灯，因此法院判决时未采用此证据，事故发生后，只有李志恒一人受伤，对方汽车也未逃逸，不具备对肇事司机采取刑事行政拘留条件。此案已经永年县法院提起民事诉讼，2012年1月5日判决完毕。李中杰反应情况与事实不符，因此答复李中杰此案以法院判决为准。\r\n', '', '2', '0', '2013-05-04 00:00:00', '0', '2', '1', '', '35', '2013-06-13 15:46:27', '35', '2013-06-13 15:46:27', '无异议');
INSERT INTO `complaint` VALUES ('156', '0', 'TS0026', '2013-04-19 00:00:00', '4', '曲德明 ', '1', '0', '', '邯郸市', '2', '', '15544819372', '二大队', '当事人电话投诉，2012年11月8日，驾驶无牌摩托车在长虹桥被交警二大队暂扣，后因家中有事，2013年4月份到二大队接受处理后，停车场告之停车费1500元，当事人曾看到我支队在报纸上刊登过不在收取停车费用，因此要求我单位答复。', '', '政委批示：请顺江同志酌处。', '接到投诉后，经与交警二大队沟通，由二大队代付停车费用，当事人表示满意。', '', '1', '0', '2013-04-22 00:00:00', '2', '1', '1', '', '35', '2013-06-13 15:47:23', '35', '2013-06-13 15:47:23', '无异议');
INSERT INTO `complaint` VALUES ('157', '0', 'TS0027', '2013-04-19 00:00:00', '4', '王富强 ', '1', '0', '', '河沙镇', '2', '', '13315012860', '徐鹏、张延峰', '4月19日，河沙镇王富强来访，投诉南堡防控中队民警在4月14日晚9：30分拦车检查时，将本人冀DU2265号面包车右后车窗砸碎，并将坐在车内后座的当事人妻子右肋骨砸伤，一直未给解决，要求处理。', '', '丁政委批示：请防控大队跟进工作，化解矛盾，解决问题。', '经查，4月14时，南堡防控中队民警张延峰、徐鹏等四人接支队通报，一出租被抢，设卡拦截。王富强驾驶机动车经过时，民警让其停车接受检查时未停，后被民警用警棍将后窗打破，事情发生后，王富强提出20万赔偿，后经防控中队党支部研究决定，民警张延峰等四人写出检查，对当事人赔礼道歉并赔偿相应损失，扣发当月岗位津贴，参加支队执法培训班。对事人提出的20万元赔偿要求不予采纳。', '无', '1', '0', '2013-04-22 00:00:00', '3', '1', '1', '', '35', '2013-06-13 15:50:06', '35', '2013-06-13 15:50:06', '无异议');
INSERT INTO `complaint` VALUES ('158', '0', 'TS0028', '2013-04-18 00:00:00', '4', '杨永广 ', '1', '0', '', '邯郸市', '1', '', '13122003556', '刘玉林', '当事人来访，投诉六大队民警刘玉林，在其人民路临时停车期间与刘玉林发生争吵，刘玉林对其动手，要求管理。', '', '', '我督察民警接到投诉后，将民警刘玉林叫至支队核实，刘玉林承认了本人错误，并向当事人赔礼首次道歉。当事人比较满意。', '', '1', '0', '2013-04-18 00:00:00', '1', '1', '1', '', '35', '2013-06-13 15:50:44', '35', '2013-06-13 15:50:44', '无异议');
INSERT INTO `complaint` VALUES ('159', '0', 'TS0029', '2013-04-17 00:00:00', '4', '张女士 ', '0', '0', '', '邯郸市', '0', '', '13832099754', '康雪川', '张女士电话投诉，4月14，其爱人驾驶冀DD0887号汽车在通过临漳柳园镇时，被当地群众拦截，说其撞人逃逸，后事故科赶到后把其爱人拘留，当事人称，没有撞人，也未逃逸。要求处理。', '', '', '经联系事故民警康雪川，当事司机经过事发地点时，左后轮将一骑自行车行人挂倒，没有停车继续前行，被当地群众拦截。事故发生后，因伤者只是轻伤，民警要求双方调解，但当事司机不同意，要求按正常程序处理，民警将车暂扣后让当事人先回家，后经调取事发地点录像资料和查访周边群众取证，认定汽车与伤者发生了刮擦。后将当事司机叫至事故科正常询问，并未拘禁，是当事人不走。后经事故民警调解，双方达成协议，肇事方赔偿伤者三千元钱。事故处理完结后我督察处又联系投诉人张女士，其表示满意。', '', '2', '0', '2013-04-17 00:00:00', '0', '2', '1', '', '35', '2013-06-13 15:51:03', '35', '2013-06-13 15:51:03', '无异议');
INSERT INTO `complaint` VALUES ('160', '0', 'TS0030', '2013-04-15 00:00:00', '4', '徐俊龙 ', '1', '0', '', '邢台市', '2', '', '13703191020', '朱勇', '4月15日，徐俊龙来信反映，本人驾驶摩托车行至马头工业园区五大队辖区时，被民警以保险造假为由处罚，当时提供了相应证据后，仍被处罚五十元，要求答复。', '', '政委批示：严肃对待，认真查处。', '经调查，当事民警在收到保险公司提供的相应证明后没有采用，存在执法认定过错，而且也没有影象资料，因此建议将此罚单撤消，后当事民警与徐俊龙取得联系，达成谅解，并由民警私人退还五十元钱，后我督察处又对徐先生回访，表示满意。', '', '1', '0', '2013-04-25 00:00:00', '1', '1', '1', '当时执勤执法视频资料丢失。', '35', '2013-06-13 15:51:58', '35', '2013-06-13 15:51:58', '无异议');
INSERT INTO `complaint` VALUES ('161', '0', 'TS0031', '2013-03-11 00:00:00', '4', '刘军 ', '1', '0', '', '峰峰和村', '1', '', '13730052737', '杨海燕', '3月11日，当事人来访，投诉交警二大队车管站民警杨海燕在本人不知情的情况下用假的户籍证明和身份证办理补证业务，造成套证和多起违章，要求答复。', '', '', '经查，二大队李连启负责车管业务期间，利用职务之便，利用当事人身分证复印件违规办理了补证业务。经与二大队协调，撤销了当事人出现套证期间的所有违章。并重新帮其补了新驾驶证。当事人表示满意。', '', '1', '0', '2013-03-14 00:00:00', '0', '1', '1', '二队民警李连启遗留问题。', '35', '2013-06-13 15:52:58', '35', '2013-06-13 15:52:58', '无异议');
INSERT INTO `complaint` VALUES ('162', '0', 'TS0033', '2013-03-05 00:00:00', '3', '', '1', '0', '', '', '2', '', '', '', '群众反映涉县客运市场存在乡材客运车辆驾驶人所持驾驶证与所驾车型不相符的严重情况。', '', '尚局长批示督察处查明情况及时上报', '经查：2013年3月10日、12日、13日，督察民警分别在涉县平涉、索堡、更乐、椿树岭中队，检查过往的乡村客运车辆17辆，未发现所反映的问题。', '存诸电脑D盘', '2', '0', '2013-03-14 00:00:00', '0', '2', '1', '', '6', '2013-06-13 11:36:19', '6', '2013-06-13 11:36:19', '无');
INSERT INTO `complaint` VALUES ('164', '0', 'TS0037', '2013-03-29 00:00:00', '3', '连某 ', '1', '0', '', '', '0', '', '15530057687', '', '反映在曲周大队交纳大型客车非现场处罚时，要求出示驾驶证、行驶证，另外还要求出示机动车所在单位介绍信，认为不合理。', '', '', '经查：2月7日，省厅下发河北省道路交通违法行为\r\n记分管理工作暂行规定第十一条规定大型客运车辆处理非现场处罚的相关规定。已告知当事人。\r\n', '', '2', '0', '2013-03-13 00:00:00', '0', '2', '1', '', '6', '2013-06-13 15:43:49', '6', '2013-06-13 15:43:49', '无');
INSERT INTO `complaint` VALUES ('165', '0', 'TS0036', '2013-03-05 00:00:00', '4', '郝某', '1', '0', '', '邯郸市', '2', '', '18031062380', '市区各大队', '郝某反映市区内许多假冒残疾人专用车，悬挂残疾人专用车牌照，在路上肆意违章，无人管理。', '', '政委批示：由秩序处拟定相关治理方案，下发各大队执行。', '经调查，残疾人专用车车牌是私自制造并安装的，给交通管理带来了极大的不便，后经政委批示，由秩序处拟定相关治理方案，下发各大队执行。', '', '1', '0', '2013-03-08 00:00:00', '0', '1', '1', '', '35', '2013-06-13 15:53:35', '35', '2013-06-13 15:53:35', '无异议');
INSERT INTO `complaint` VALUES ('167', '0', 'TS0043', '2013-04-23 00:00:00', '4', '赵士新', '1', '0', '', '交警六大队', '0', '', '13223136660', '', '赵某车被交警六大队民警查扣，车被按至棉二停车场（冀DGH128、套牌冀DP9951）交纳罚款处理后，被停车场告知要收取300元拖车费及停车费，因支队以前向社会承诺免收上述费用，故投诉。', '', '', '电话通知交警六大队苏队长，19：26当事人赵某来电称事情已解决，车取回未收费。', '', '1', '0', '2013-04-23 00:00:00', '2', '1', '1', '', '11', '2013-06-13 17:06:35', '11', '2013-06-13 17:06:35', '满意');
INSERT INTO `complaint` VALUES ('168', '3', 'WY0014', '2013-04-08 00:00:00', '4', '河北新闻网网民', '1', '0', null, '《河北新闻网》“阳光理政”', null, null, '', '', '2013年4月5日《河北新闻网》“阳光理政”每个到成安交警队去处理违章的驾驶员都遇到了这样的问题，处理违章之前，必须在交警队办理驾驶协会会员和交通金穗卡，强制交60元会费。请问交警队，国家有这样的规定吗？', '', '尚局长批示：请督察、宣传对网上提出的问题进行调查，涉极大队情况查情，并注意网上动态。', '成安大队按照《邯郸市道路交通安全防范责任制规定》（邯郸市人民政府令128号）“机动车驾驶人每年应到少接受一次公安机关交通管理部门或其委托的机构组织的年度交通安全教育培训”的规定，在自愿的前提下，组织驾驶人加入驾协每人收会费30元，并委托驾协对驾驶人开展交通安全教育培训，由本人填写《自愿参加驾协申请书》，持有《培训通知书》并当场开具30元正规票据，农行金穗交通卡是加入驾协时附赔品，不收取任何办卡费用。', '', '2', '0', '2013-04-10 00:00:00', '0', '1', '1', '', '11', '2013-06-13 17:02:51', '11', '2013-06-13 17:02:51', '无法联系上当事人');
INSERT INTO `complaint` VALUES ('169', '3', 'WY0015', '2013-03-28 00:00:00', '4', '河北新闻网网民', '1', '0', null, '《河北新闻网》“阳光理政”版块', null, null, '', '车管所档案管理员曹瑞敏', '2013年3月26日《河北新闻网》“阳光理政”板块反映的车户于2012年2月6日在魏县车管所办理机动车注册登记业务后，其机动车档案没有按时提交到邯郸车管所使当事人无法办理抵押手续。', '', '尚局长批示：请赵支队阅，督察查清情况上报，车管所魏县大队针对出现的问题要向群众说清楚。', '调查结果魏县车管所2013年2月6日机动车注册登记数量比其它月份业务量加大，负责档案管理员曹瑞敏由于疏忽给当事人带来了麻烦，责令档案管理人员曹瑞敏做出书面检查，并按照大队百分制考核规定给予扣分处理。', '', '1', '0', '2013-04-02 00:00:00', '2', '1', '1', '', '11', '2013-06-14 17:06:27', '11', '2013-06-14 17:06:27', '无法联系上当事人');
INSERT INTO `complaint` VALUES ('170', '0', 'TS0047', '2013-03-01 00:00:00', '4', '高怀志 ', '1', '0', '', '魏县', '2', '', '13673102768', '成安车管站', '2月28日，当事人电话投诉，本人去成安交警队车管站审车，外检工作人员称其车轮胎不合格，需更换，后外检人员说拿一百块钱就可以审验合格，当事人和另一名审车的人先后两次给其150元。（附录像）', 'D：赵士坚\\成安车检', '丁政委批示：同意对当事人进行奖励。', '经调取当事人提供的录像资料，当事人投诉接受钱物的民警非大队工作人员，是成安益昌检测中心（民营）工人苏志国，后经我处督促，成安大队做出处理决定：1、益昌检测中心立即停业整整顿。2、开除苏志国。3、车管所当日驻检测中心民警任希朝调离工作岗位。并根据支队对举报人奖励办法，奖励当事人当事人二千元钱，当事人表示满意。', '', '1', '0', '2013-03-03 00:00:00', '3', '1', '1', '', '35', '2013-06-13 15:54:25', '35', '2013-06-13 15:54:25', '无异议');
INSERT INTO `complaint` VALUES ('171', '3', 'WY0016', '2013-03-12 00:00:00', '4', '“起个名字肿么这么难”', '1', '0', null, '新浪微博“起个名字肿么这么难”', null, null, '', '大名大队4050人员', '“起个名字肿么这么难”新浪微博反映：大名交通状况长期混乱？新车上牌照，为什么强制购买灭火器等费用？红绿灯乱，要么就都有用，要么就都没用？规划停车位问题？老县医院路口三个都是红灯问题？贴条三人组向驾驶员要烟问题？', '', '尚局长批示：请涉及到的单位领导应高度重视，采取具体措施，上报整改情况督察处查办，宣传科注意网上动态。', '大名交警队存在五方面的问题：1、2012年5月已取消了强制购买灭火器。2、已对县城13处红绿灯进行了更换维修，安装电子监控设备8处，规范了驾驶员的行车行为。3、县城主要路段重新施划600多个停车位，规范停车秩序。4、已全部进行了更换。5、大队对“4050”三人组严厉批评教育后，调离执法岗位。', '', '1', '0', '2013-03-15 00:00:00', '3', '1', '1', '', '11', '2013-06-14 17:08:30', '11', '2013-06-14 17:08:30', '无法和当事人联系');
INSERT INTO `complaint` VALUES ('172', '3', 'WY0017', '2013-02-24 00:00:00', '4', '网民', '1', '0', null, '新浪微博', null, null, '无', '交警六大队', '2月24日，接市局转来舆情修信息，有网民反映交警六大队五中队在人民路与前进大街附近，对停靠路边的车辆乱贴罚单，望管理。', '', '尚局长批示：请宣传科做好宣传工作，让大家理解了解。', '后经调查，对市局答复如下：交警支队六大队五中队是具有正规执法资格的基层执法中队。在日常执法中负责辖区内违法停车纠正和非现场处罚。五中队执勤民警会根据执法程序依法执法，对乱停乱放车辆进行依法查纠，并全程录像。微博发件人的说法不实，毫无根据。', '', '2', '0', '2013-02-25 00:00:00', '0', '2', '1', '支队宣传科在网上跟贴，回复该网民，无异议。', '35', '2013-06-21 12:00:07', '35', '2013-06-21 12:00:07', '无异议');
INSERT INTO `complaint` VALUES ('173', '3', 'WY0019', '2013-02-20 00:00:00', '4', '网民 666999渎职罪', '1', '0', null, '新浪微博', null, null, '无', '交警六大队', '2月20日接市局转来的《每日网情》，反映网民“666999渎职罪”2月8日在新浪微博称：“人民路和铁西大街为什么封路，并有警车喊话”。', '无', '尚局长批示：请督察处查一下，为什么。', '经询问交警六大队主管勤务副大队长张长青和秩序副处长李鹏，得知2月8日（阴历二十八），市委、市政府相关领导对各企事业单位进行慰问，曾两次通过人民路与铁西大街交叉口，交警六大队并未安排警力封路，秩序处也未安排警车开道，慰问车辆都是按信号灯指示通过路口。后我处又安排专人对网民“666999渎职罪”所发贴子进行跟贴，请其与我支队督察处进行联系，但事后该贴被其本人删除，无法核实该贴的真实性。', '无', '2', '0', '2013-02-25 00:00:00', '0', '2', '1', '', '35', '2013-05-21 11:34:05', '35', '2013-05-21 11:34:05', '无异议');
INSERT INTO `complaint` VALUES ('174', '0', 'TS0050', '2013-01-22 00:00:00', '4', '刘永军 ', '1', '0', '', '邯郸市', '2', '', '13001466281', '许宝山', '1月22日，刘永军来访，2011年4月刘永军与王伟刚发生交通事故，交纳2万元事故压金，扣除相应费用后，剩余6000元事故压金被一大队事故中队民警许宝山扣留至今未还，望我单位进行管理。', '', '尚局长批示：请一队抓紧追回，纪委找本人谈话。', '经查，当事人多次找许宝山催要欠款，许宝山一直没有归还，后经请示支队领导，指示由一大队垫付欠款，并做好当事人安抚工作。后在我督察处的督促下，许宝山归还了欠款。', '', '1', '0', '2013-03-13 00:00:00', '2', '1', '1', '', '35', '2013-06-13 15:55:30', '35', '2013-06-13 15:55:30', '无异议');
INSERT INTO `complaint` VALUES ('175', '0', 'TS0051', '2013-01-17 00:00:00', '4', '马继前 ', '1', '0', '', '邯郸市', '1', '', '13832036161', '王立福', '1月17日，中国新闻报邯郸站记者马继前来访，投诉因未悬挂号牌被交警四大队副大队长王立福处罚，投诉王立福违规执法，要求答复。 ', '', '', '接到投诉后，立即联系四大队副大队长王立福，因马继前是刚上牌照，因无锣丝扣无法安装，在去买扣的过程中被罚，根据支队新出台的便民措施，王立福与其沟通后撤销该罚款，当事人表示满意。', '', '1', '0', '2013-01-17 00:00:00', '2', '1', '1', '', '35', '2013-06-14 15:00:26', '35', '2013-06-14 15:00:26', '无异议');
INSERT INTO `complaint` VALUES ('176', '0', 'TS0052', '2013-01-16 00:00:00', '4', '梁运彬', '1', '0', '', '邯郸市', '2', '', '13932026879', '王志广', '1月15日梁运彬投诉其女儿梁振霞2007年8月22日与张柱才交通肇事逃逸事故存在疑意，要求复查。', '', '政委批示：请何支队并事故处认真做好接待工作。', '经查，梁运彬反映的问题不实，该案已经邯山区法院判决，法院一直未执行，才引起当事人上访，但本着方便群众，事故处决定，由当事民警和法院协商共同出动警力，加大对事故责任方所欠款项的追缴力度。', '', '2', '0', '2013-03-09 00:00:00', '0', '1', '1', '', '35', '2013-06-13 15:57:11', '35', '2013-06-13 15:57:11', '无异议');
INSERT INTO `complaint` VALUES ('177', '0', 'TS0053', '2013-01-14 00:00:00', '4', '李艳春 ', '1', '0', '', '永年县', '0', '', '15831095588', '牛永奇', '永年县冀DB2837号大客车司机李某等联名告永年县交警大队宣传股股长牛永奇，在查扣客运车辆时借机索要好处费，并扰乱县城客运车市场正常经营秩序，要求对牛永奇进行处理。', '', '', '经调查，牛永奇和协勤李场、王晓未承认收取当事人钱物，当事人也没有直接证据证明。但牛永奇对所扣车辆未开据强制措施凭证，因此，根据“五必须、四严禁”和“八项铁规”，规定，经我督察处督促，永年县交警大队研究决定，对牛永奇停止职务，并在全体民警大会上做通报批评。后电话回访当事人李艳春，其表示满意。', '', '1', '0', '2013-03-11 00:00:00', '3', '1', '1', '', '35', '2013-06-13 15:58:20', '35', '2013-06-13 15:58:20', '无异议');
INSERT INTO `complaint` VALUES ('178', '0', 'TS0054', '2013-02-28 00:00:00', '4', '杨培勇 ', '1', '0', '', '邯山区', '2', '', '13223119073', '许宝山', '当事人来访，其在2011年11月份发生一起交通事故，后交给徐宝山事故压金4800元整，事故处理结束后扣除相应费用后，还剩1200元整，至今未返还给当事人，要求处理。', '', '政委批示：请何支队并金海同志查明情况，尽快处理到位。', '经查，当事人多次找许宝山催要欠款，许宝山一直没有归还，后经请示支队领导，指示由一大队垫付欠款，并做好当事人安抚工作。后在我督察处的督促下，许宝山归还了欠款。', '', '1', '0', '2013-03-13 00:00:00', '2', '1', '1', '', '35', '2013-06-13 15:55:03', '35', '2013-06-13 15:55:03', '无异议');
INSERT INTO `complaint` VALUES ('179', '3', 'WY0020', '2013-03-11 00:00:00', '4', '“常军岭”', '1', '0', null, '腾讯微博“常军岭”', null, null, '', '车管所周志杰', '腾讯微博“常军岭”反映：华信车辆登记处周志杰里外勾结上牌的二道贩子，周志杰开着一辆黑色悦达起亚无牌车停到了登记处门口，车贩子上前去问他需要帮忙吗？周志杰说我是这里的头，就说不要在这里干了，赶紧走吧，贩子说那别人在这干就没事吗，周志杰说他办了营业执照的，贩子还有营业执照吗？（信源腾讯微博）', '', '尚局长批示：请督察处上报情况。', '调查结果周志杰是华信机动车登记服务站站长，并没有“常军岭”反映的问题，华信服务站不存在有“三托”及“二道贩子”，冀D6D666号黑色悦达起亚小型车周志杰所驾驶，该车牌在3月初丢失，车管所已对周志杰做出了处罚200元。现车牌已补领安装完毕。', '', '1', '0', '2013-03-14 00:00:00', '2', '1', '1', '', '11', '2013-06-17 15:16:09', '11', '2013-06-17 15:16:09', '联系不上当事人');
INSERT INTO `complaint` VALUES ('180', '3', 'WY0021', '2013-02-27 00:00:00', '4', '咕呼QQ ', '1', '0', null, '新浪博客“消费日报网社会与法频道”的新浪博客于2011年12月12日11：13发表原帖。', null, null, '', '鸡泽交警大队的民警', '咕呼咕呼QQ2211270339”称自己是转发别人的帖子，内容是2011年11月21日韩某冀D84507被鸡泽交警大队曹庄中队民警检查，对韩某车没有过磅检查，就认定我的货车超限30%有异议；2011年11月23日韩某未携带驾驶证，被曹庄中队民警罚款50元有异议；鸡泽县交警大队违规执法敛财、私设小金库。', '', '尚局长批示：请督察牵头对两起舆情召集有关部门尽快解决上报。', '2011年11月21日，曹庄中队民警苏杰、赵伟、尹海涛等执勤中发现一辆冀D84507涉嫌超载要求车辆过地磅做进一步确认，韩某拒绝重新过磅。提供的磅单车货总重为50.6吨,该货车行驶证比对，车核定载质量29吨，车货自重为15吨，该车超出行驶证核定载质量10.6吨，交通法第92条第2款对该车驾驶人做出予以罚款500元的处罚决定。韩某未携带驾驶证，被罚50元违法行为予以撤销，退还韩某50元罚款。大队与鸡泽县农行签订协议，交通违法罚款统一到农行指定的代收点进行缴纳，不存在私设小金库。', '', '1', '0', '2013-03-06 00:00:00', '2', '1', '1', '网宣人员与发帖人网上进行情况核实联系，“咕呼咕呼QQ2211270339”并不是韩某本人，韩某称有鸡泽大队公路三乱视频资料，因无法联系上韩某本人，无从查实。', '11', '2013-06-17 17:03:32', '11', '2013-06-17 17:03:32', '无法联系上当事人韩某');
INSERT INTO `complaint` VALUES ('183', '0', 'TS0057', '2013-01-23 00:00:00', '4', '文江', '1', '0', '记者', '', '0', '', '13831023810', '交警一大队', '邯郸广播电台记者文江称107国道蔚庄批发市场经常有大车占道卖菜。最近几天大雾，高速封路，好多车辆只能从107国道通过，导致蔚庄市场路段堵塞，群众多次反映到清晨热线和交警一大队，希望民警加强车辆管理力度，此情况已有群众反映到央视有关煤体，望支队重视，尽早解决。', '', '丁政委批示：请秩序处协调公交公司查明情况落实立即整改。', '一大队已责成辖区中队增加警力，由五中队中队长张卫东、副中队长程邯友亲自带领6名同志全天不失控、不间断，加大对车辆乱停乱放和疏堵保畅的管控力度。造成该路段堵塞的原因：一是近期雾霾天气的影响造成高速公路封闭致使浴新北大街车流量剧增，二是蔚庄批发市场周边没有停车场，又临近春节，市民自驾车购物增多，车辆停放在道路两侧，三是市容城管部门监管不到位，造成小商小贩随意经营。加强该路段的管理力度，尤其是在雨、雪、雾霾恶劣天气、节假日增加警力，确保该路段道路安全畅通，给广大市民创造一个良好的购物和通行环境。', '', '1', '0', '2013-01-23 00:00:00', '0', '1', '1', '', '11', '2013-06-13 15:55:50', '11', '2013-06-13 15:55:50', '满意');
INSERT INTO `complaint` VALUES ('184', '0', 'TS0060', '2013-01-14 00:00:00', '4', '刘静 ', '0', '0', '', '', '0', '', '13191737806', '民警李建忠', '1月11日下午群众刘某带其子陈某到督察处来访，反映：防控大队二中队中队长李建忠违法违纪，粗暴执法，在民警推拉中致使我胳膊拉伤，至今还有黑青，为了让记者平息事态，在派出所调解下，给了该女子一千元，队长和该女子串通一气声称要敲诈我们一笔钱，以此来解气。作为执法者，他们有无工作证、执法证、上岗证，要求严肃追究其责任。 1月12日，接到《舆情信息》“记者随警采访遭遇野蛮驾驶人殴打批示”后，督察处向中华北防控大队发出督办意见卡，进行督办，并对此事立即展开调查。', '', '尚局长批示：请督察处调查了解维护记者民警合法权益，并报结果。', '刘某反映民警无工作证、执法证、上岗证问题，防控大队二中队中队长李建忠为正式民警，当日带队上路执法，并带有工作证、执法证、上岗证。反映民警粗暴执法，致使刘某胳膊拉伤有黑青痕迹的问题，经调取执法记录仪视频资料和记者提供的相关视频，未发现民警对刘某有推拉现象，无法认定是交警所为。陈某在民警和记者对其驾驶证留存视频证据时，突然抢夺驾驶证，经民警说服教育后将证归还。经派出所调解，刘某给记者李晓燕一千元钱，剩下其它问题还在派出所进一步处理。在查处此起交通违法中，防控大队二中队认定其违法实事准确，对其交通违法行为当事人无异议。关于反映李建忠与记者合伙敲诈当事人的问题，无从查实。', '刘静投诉文件夹', '2', '0', '2013-01-17 00:00:00', '0', '1', '1', '', '11', '2013-06-14 11:25:38', '11', '2013-06-14 11:25:38', '已告知刘某，刘某并不满意。');
INSERT INTO `complaint` VALUES ('185', '3', 'WY0022', '2013-05-13 00:00:00', '4', '“liaochen2013”', '1', '0', null, '每日网情网民“liaochen2013”在《天涯社区》', null, null, '', '巡警', '5月13日9时27分，网民“liaochen2013”在《天涯社区》发表了题为“如此执法，如何服众”的贴文，该贴文无文字叙述，只有一张无牌警车在路上行驶的照片，照片显示该警车后侧4位数字为3175，督察处对事立即展开调查。', '有照片', '尚局长批示：请督察处上报。', '经联系市局勤务保障处张金霞处长，该警车左后侧4位数字为3175属于巡警车辆，并不属于交警支队警车，交警支队警车自编号为1字开头，建议市局督察处督促巡警支队立即改正。', '', '1', '0', '2013-05-15 00:00:00', '0', '1', '1', '', '11', '2013-06-13 17:03:53', '11', '2013-06-13 17:03:53', '无法联系上当事人');
INSERT INTO `complaint` VALUES ('186', '3', 'WY0023', '2013-05-15 00:00:00', '4', '', '1', '0', null, '天涯论坛网', null, null, '', '', '邯郸市临漳交警在处理无证驾驶的违章车辆时，连乘车人员一并罚款1000元。', '', '尚局长批示：请纪委督察调查了解情况，万厅长领导批示尽快落实上报。', '经查4月28日临漳交警大队西羊羔中队民警李耀军、王海英等带队在巡逻过程中发现冀D3V121小型汽车，神情慌张，车速明显减慢。对该车进行检查，司机侯永伟无法出示驾驶证及行车证，副驾驶座乘坐人员杨丙海称“我有证”。杨某持驾驶证C1。根据《道路交通安全法》第99条第一款第一项第一种行为及第二款规定和第99条第一款第二项第一种行为及第二款规定分别对侯某和杨某进行了处罚。民警对杨某、侯某也进行了口头告知，二人当场没有对中队民警执法情况提出异议，并在《公安交通管理行政强制措施凭证上进行了签字》缴纳了罚款。', '临漳大西羊羔投诉文件夹', '2', '0', '2013-05-16 00:00:00', '0', '2', '1', '', '11', '2013-06-14 11:23:22', '11', '2013-06-14 11:23:22', '无法联系上当事人');
INSERT INTO `complaint` VALUES ('187', '0', 'TS0062', '2013-01-14 00:00:00', '4', '刘先生', '1', '0', '', '', '2', '', '13315030506', '法制部门', '投诉人2013年1月9日15时39分反映到市政府督察室、市长公开电话督办室：其冀DRH719的蓝色奔驰车被另一辆黑色奔驰车套了牌，现套牌车辆多次违章，2012年12月20日左右反映到交警二大队，至今没有处理结果，望帮助解决。', '', '市政府督查室、市长公开电话督办室进行联合督办，其中涉及公安机关的督办事项，邯郸市公安局下发交办通知：尚局长批示：请督察阅办。', '经了解，据交警二大队于2012年12月27日受理该案，并确认违法车辆车身颜色与当事人车身颜色不同，车型明显不符。交警二大队于12月28日将《涉嫌套牌机动车协查通知书》分别网上传递给交警一大队、魏县交警大队、指挥中心。但因主办单位与协查单位信息沟通不畅，协查单位未及时开展调查。督察处发出督办卡，责令交警二大队、交警一大队、魏县交警大队和指挥中心认真核实手续及时给予办理，并第一时间向当事人反馈处理情况。要求涉及的四个部门以此为戒，发现问题认真整改，杜绝此类事件发生。\r\n1月16日，督察经查询确定当事人的套牌手续处罚已全部撤销，并告知当事人。\r\n', '', '1', '0', '2013-01-17 00:00:00', '2', '1', '1', '', '9', '2013-06-13 15:49:18', '9', '2013-06-13 15:49:18', '满意');
INSERT INTO `complaint` VALUES ('188', '3', 'WY0024', '2013-05-15 00:00:00', '4', '网民', '1', '0', null, '新浪微博', null, null, '', '', '因婚车发生交通事故，致新娘死亡，交警无人处理。受害人家属在邯郸县政府门前拉横幅维权，并称肇事司机与交警相互勾联，导致无人处理该项事故。', '有图片', '尚局长批示：请纪委督察调查了解情况，尽快落实上报。', '经查3月20程义兵驾驶冀DH3676、挂车号牌冀DRQ19（该车所有人：邯郸市远通运输有限公司）大货车撞上电动自行车孙艳坤和另外两名路人，造成孙艳坤经送医院抢救无效死亡，两名路人受轻微伤，邯郸县事故科民警连夜对此事展开调查提取程义后及受伤人员的血液进行酒精检测。程义兵负此事故的全部责任，孙某及两名路人无责任。当事人及家属均对事故认定无异议。程义兵以无钱为由拒绝调解，对程某刑事拘留，案卷移送邯郸县公安局刑警五中队，县检察院批准对程某进行了逮捕。县法院正在组织对该案开庭审理。邯郸县交警大队事故科民警不存在与废事司机勾联，并不是无人处理该事故。', '', '2', '0', '2013-05-16 00:00:00', '0', '2', '1', '', '11', '2013-06-13 17:09:05', '11', '2013-06-13 17:09:05', '无法和当事人联系');
INSERT INTO `complaint` VALUES ('189', '0', 'TS0063', '2013-01-14 00:00:00', '4', '连先生', '1', '0', '', '', '0', '', '15232804842', '事故民警', '投诉人2013年1月7日10时25分反映到市政府督察室、市长公开电话督办室：2012年10月14日，其叔叔连晨在渚和路车管所路口处发生交通事故后死亡，由邯郸第二交警队事故科受理此案，11月移交到渚和路派出所，但该派出所未处理此案，便不知又将此案移交到何处。', '无', '市政府督查室、市长公开电话督办室进行联合督办，其中涉及公安机关的督办事项，邯郸市公安局下发交办通知：尚局长批示：请督察阅办。', '事故发生后，肇事司机驾车逃逸。交警二大队事故民警连续七个昼日将案件侦破，于10月21日清晨将肇事驾驶员王志锋抓获。下午将犯罪嫌疑人王志锋移交邯山分局渚河路派出所刑事立案侦查，并于 10月25日下达事故认定书，王志锋在此事故中肇事逃逸，承担此事故的全部责任。邯山分局对王志锋以交通肇事罪刑事立案，并于当日将王志锋刑事拘留，经邯山区人民检察院批准，王志锋于10月26日执行逮捕，现被羁押在邯郸市第一看守所内。该案卷现移交邯山区人民检察院处理。民事调解部分如双方最终仍未达成一致意见，应按事故处理程序，当事人向法院申请民事赔偿。', '无', '2', '0', '2013-01-17 00:00:00', '0', '2', '1', '', '9', '2013-06-13 15:57:26', '9', '2013-06-13 15:57:26', '满意');
INSERT INTO `complaint` VALUES ('190', '0', 'TS0065', '2013-01-14 00:00:00', '4', '某先生', '1', '0', '', '', '2', '', '无', '', '某先生2013年1月5日9时22分反映到市政府督察室、市长公开电话督办室：近期，夜间经常有大型吨数较重的货车在南环立交桥上行驶，其认为存在安全隐患。', '', '市政府督查室、市长公开电话督办室进行联合督办，其中涉及公安机关的督办事项，邯郸市公安局下发交办通知：尚局长批示：请督察阅办。', '督察发出督办卡，涉及此情况的相关部门领导经过实地考察：对立交桥分时段、分区域方式进行调查，发现部分路段原有的限高设施已拆除，造成大吨数较重的货车强行通过，确实存在交通安全隐患。交警有关部门积极协调承建施工单位，在桥面全部路段进口处设置永固性限高设施，禁止大货车的通行。\r\n未安装限高设施前，秩序处将协调防控大队、邯郸县大队组织专门警力，在立交桥口加强对大货车的管控力度，最大限度的禁止大货车通行。\r\n', '', '2', '0', '2013-01-15 00:00:00', '0', '2', '1', '', '9', '2013-06-13 16:04:34', '9', '2013-06-13 16:04:34', '无法联系');
INSERT INTO `complaint` VALUES ('191', '0', 'TS0067', '2013-01-14 00:00:00', '4', '赵先生', '1', '0', '', '', '0', '', '13653201102', '交通设施', '投诉人2013年1月3日10时05分反映到市政府督察室、市长公开电话督办室：邯郸市北环路限速40公里，其认为40公里较慢。', '', '市政府督查室、市长公开电话督办室进行联合督办，其中涉及公安机关的督办事项，邯郸市公安局下发交办通知：尚局长批示：请督察阅办。', '督察发出督办卡，设施科经过实地考察：在北环路与中华大街立交桥东口设置限速40公里标志，由北环路立交桥施工单位安装设置，目前，该桥的所有交通设施还未向交警部门移交。交警部门将积极向有关单位建议、协调承建方，及早整改。', '', '2', '0', '2013-01-17 00:00:00', '0', '2', '1', '', '9', '2013-06-17 14:20:35', '9', '2013-06-17 14:20:35', '满意');
INSERT INTO `complaint` VALUES ('192', '0', 'TS0064', '2013-05-11 00:00:00', '4', '邓彦红', '1', '0', '', '', '0', '', '15028457812', '武安交警一中队高洋', '邓某反映2月25日骑摩托车回家，武安市交警一中队民警高洋查车时把车提到了，一下把我腿砸成关节内胫骨平台粉碎性骨折。现做了手术，生活不能自理，医院欠费交警交，生活费不给，武安交警大队给我们谈的赔偿不够我以后治疗费用，拖着不给人身损害赔。邓某要求赔偿60万元，要求你们上级领导帮助解决。', '', '', '2月25日武安交警大队城区域中队民警高洋在塔南岗疏堵时，发现一辆无牌二轮摩托车逆向行驶，导致正常通行车辆无法行驶，民警高洋上前进行拦停询问并要求其驾驶人把车辆停放到不阻碍交通的区域，该驾驶人不听劝阻依旧逆向停放，于是民警高洋准备自己推车，此时该驾驶人强行抢夺摩托车，力气过大导致摩托车侧倒，砸到该驾驶人的妻子邓彦红膝盖上，造成膝盖受伤。事后大队积极对邓彦红进行治疗并提供所有医药费10万元。民警高洋在此次执法过程中未使用执法记录仪，造成无法取证，对此事故的处理造成了一定的难度。大队决定：民警高洋停止工作，写出检查，到最差民警培训班进行教育学习。已告知邓某。', '', '1', '0', null, '3', '1', '12', '', '11', '2013-06-17 13:45:38', '11', '2013-06-17 13:45:38', '无异议');
INSERT INTO `complaint` VALUES ('193', '0', 'TS0068', '2013-02-01 00:00:00', '4', '李海刚', '1', '0', '', '', '2', '', '15232803325', '民警', '投诉人到邯郸交通广播电台反映：其1月4日购买车辆当日被魏县交警大队民警以未悬挂机动车号牌的行为处罚，驾驶证被记满12分。其1月5日缴纳罚款并参加培训，但到现在不能参加考试。其后听说此处罚不合理，要求撤销并退还其所有费用。', '', '丁政委批示：同意督察意见建议各大队引以为戒。', '经联系魏县交警大队违法处理室、12分培训考试负责人，依据对社会公布的“交警支队便民措施”：购车七日内不以未悬挂号牌为由进行处罚的规定。通知魏县交警大队退还投诉人的费用（200元罚款和135元培训费）。关于驾驶证记满12分自动降级，是由于《交通法》修订后违法处理系统自动默认，非人力所为并告知投诉人，其表示理解。', '', '1', '0', '2013-02-05 00:00:00', '2', '1', '1', '', '9', '2013-06-13 15:48:10', '9', '2013-06-13 15:48:10', '满意');
INSERT INTO `complaint` VALUES ('194', '0', 'TS0070', '2013-02-19 00:00:00', '4', '普通市民', '1', '0', '', '', '2', '', '无', '', '投诉人写信反映：邯钢农林生活区有一小混混仗着交警队有人（他自己说），整天开着一辆深灰色无牌照富康车横冲直撞，现在交警查的紧了，按装了一个京P70E25的假牌照，前几天差点撞了人，恳请彻底查办。', '', '尚局长批示：请督察处查处。', '经调取“公安交通管理综合应用平台” 车牌号京P70E25系黄色五菱车辆，可以确定投诉人反映该车属于套牌。督察联系各交警大队，通知每名执勤民警对涉嫌违章车辆京P70E25深灰色富康车进行仔细排查，一经发现立即查扣并进行相应处罚。由于投诉人反映车辆在邯钢生活区，督察怀疑车主为该生活区住户。后了解，邯钢农林生活区系交警二大队辖区。于是和辖区执勤民警分别在20日上午9点、21日早7点30分对整个邯钢农林生活区的每个角落仔细查找（有视频资料），查看该车是否在生活区院内停放。结果均未发现该车。投诉人在信上未留电话号码，所以无法联系沟通以期获得更多的相关信息，目前也没有新的线索。\r\n', '', '2', '0', '2013-02-24 00:00:00', '0', '2', '1', '', '9', '2013-06-13 15:47:25', '9', '2013-06-13 15:47:25', '联系不上');
INSERT INTO `complaint` VALUES ('195', '0', 'TS0071', '2013-02-24 00:00:00', '4', '史会林', '1', '0', '', '成安县辛义乡南徐村3组77号', '2', '130424198409123136', '13722694660', '', '投诉人反映：其本人常年在深圳工作，但驾驶证频繁在外地被套用，违章记录显示有河北原平、武安、衡水等地。从2006年至今，前后违章四十余次。先后找到成安交警大队、邯郸市交警支队，历时一年半均未解决。', '', '申海清批示：请转交警支队督察处，3日内上报调查情况。\r\n尚局长批示：请法制核查。', '督察联系支队法制科办理意见如下：依据现行法律法规的规定，投诉人被套证的办理程序为：1、持相关手续到交通违法行为发生地或当事人所在地的公安机关交通管理部门报案，交通违法行为发生地或当事人所在地的交警大队应当受理。2、如到成安交警大队报案，成安交警大队应当积极开展调查工作，尽快查清案件，给当事人一个满意的结果。成安交警大队在办理异地套证违法时，可积极协调相关交警大队协查，也可商请支队予以协助办理。督察指定成安交警大队法制股股长李纪良负责接待办理，并告知持相关手续到成安交警大队报案，以便套证处罚尽快得到解决，其表示委托亲属携带相关证据去成安交警大队报案。\r\n', '', '2', '0', '2013-02-24 00:00:00', '0', '2', '1', '', '9', '2013-06-13 15:42:47', '9', '2013-06-13 15:42:47', '满意');
INSERT INTO `complaint` VALUES ('199', '0', 'TS0077', '2013-05-22 00:00:00', '4', '李中杰', '1', '0', '', '邯郸市永年县', '2', '', '13931016121', '永年县交警大队', '当事人来访，反映其子在2011年6月发生交通事故，后经法院判决，将对方肇事车辆豫R59332号货车做为事故赔偿一部分赔偿给本人，但去停车场提车时，停车场告之两年停车费为21000余元，根据支队2012年10月19日出台的规定：“被行政执法部门扣车所产生的费用由执法单位承担”，要求我单位给予解决。', '', '政委批示：请闫大队阅处。', '经永年大队与停车场多次协调，全部免除了当事人21000元钱的停车费用，当事人表示满意。', '', '1', '0', '2013-05-25 00:00:00', '0', '1', '1', '', '35', '2013-06-13 15:45:01', '35', '2013-06-13 15:45:01', '满意');
INSERT INTO `complaint` VALUES ('200', '2', 'WD0020', '2013-01-31 00:00:00', '4', null, '0', '0', null, null, '0', null, null, '', '2013年1月31日，成安大队值班室工作人员办公时间未着制服。', '1月份通报照片', '', '已改正。', '', '1', '0', '2013-03-16 00:00:00', '2', '1', '1', '', '11', '2013-06-14 15:31:41', '11', '2013-06-14 15:31:41', '10.27.19.122');
INSERT INTO `complaint` VALUES ('201', '2', 'WD0021', '2013-01-16 00:00:00', '4', null, '0', '0', null, null, '0', null, null, '', '2013年1月16日，涉县大队值班室工作人员办公时间未着制服。', '1月份通报照片', '', '已改正。', '', '1', '0', '2013-03-16 00:00:00', '2', '1', '1', '', '11', '2013-06-14 15:32:25', '11', '2013-06-14 15:32:25', '10.27.19.122');
INSERT INTO `complaint` VALUES ('202', '2', 'WD0022', '2013-01-31 00:00:00', '4', null, '0', '0', null, null, '0', null, null, '', '2013年1月31日，磁县林坦违法处理室工作人员办公时间未着制服。', '1月份通报照片', '', '已政正。', '', '1', '0', '2013-03-16 00:00:00', '2', '1', '1', '', '11', '2013-06-14 15:32:00', '11', '2013-06-14 15:32:00', '10.27.19.122');
INSERT INTO `complaint` VALUES ('203', '2', 'WD0023', '2013-01-11 00:00:00', '4', null, '0', '0', null, null, '0', null, null, '', '2013年1月11日，邯郸县直属中队违法处理室全天黑屏。', '1月份通报照片', '', '已改正', '', '1', '0', '2013-03-17 00:00:00', '3', '1', '1', '', '11', '2013-06-14 15:32:42', '11', '2013-06-14 15:32:42', '10.27.19.122');
INSERT INTO `complaint` VALUES ('206', '3', 'WY0032', '2013-05-22 00:00:00', '3', '交通频道听众', '1', '0', null, '邯郸市广播电台交通频道     转交', null, null, '13633209809', '冯冬冬', '当事人反映：一辆白色号牌为冀D0M211三凌牌小型汽车，停放在高开区邯郸市质量监督局院内，该车属于变造号牌。经了解，这辆车是交警四大队民警的车，有视频监控资料为证，请交警支队一视同仁按规定处理。  ', '王振涛电脑D盘', '脱处长批示：核实情况，反馈听众。', '经督察民警暗访调查，情况属实。交警四大队对冯冬冬做出处理意见：1、民警冯冬冬做出深刻检查。2、根据《中华人民共和国道路交通安全法》第九十六条第一款规定，对民警冯冬冬进行2000元处罚。3、参加末位民警培训班。通过邯郸市广播电台交通频反馈听众。', '王振涛电脑D盘', '1', '0', '2013-05-23 00:00:00', '2', '1', '1', '', '7', '2013-05-23 11:07:23', '7', '2013-05-23 11:07:23', '满意');
INSERT INTO `complaint` VALUES ('209', '0', 'TS0086', '2013-05-16 00:00:00', '3', '管军', '1', '0', '司机', '邯郸市丛台区苏曹河东达康路11号12号楼2单元4号', '0', '130403198408012133', '18031092015', '代亚飞、藏峰、张延峰', ' 2013年05月16日11时许，管先生来电称：2012年10月29日，其冀DE8160小型汽车，在广平县有一个电子监控超速交通违法行为，罚款500元。5月16日，当事人先后赶到高开区大队、309防控中队、107防控中队、防控大队等多个违法处理室，均因为处理一般程序需要岀卷，不给予处理，造成当事人投诉。', '', '脱处长批示：落实责任人。', '经督察民警暗访，情况属实，治安卡口防控大队上报处理意见，民警代亚飞、藏峰、张延峰参加培训班。', '', '1', '0', '2013-05-16 00:00:00', '3', '1', '1', '', '7', '2013-05-23 11:18:41', '7', '2013-05-23 11:18:41', '满意');
INSERT INTO `complaint` VALUES ('210', '3', 'WY0033', '2013-02-20 00:00:00', '3', '网民', '1', '0', null, '长城论坛-石家庄吧', null, null, '', '吕海印', '2013年2月19日12:11，网民“打苍蝇”在《长城论坛-石家庄吧》发表了一篇题目为：“鸡泽县交警吕海印带队收黑钱县委书记管不管？”的文章称：“鸡泽县交警吕海印带队经常在县东环路上随意查车刁难车主，收黑钱带车，吉泽县委书记你管不管？？？ ”。', '', '尚支队长批示：查明情况，及时上报。', '督察民警经查，民警吕海印的执法记录仪和移动证据平台对近期执法记录仪记录的资料进行了调取，并通过交警二级指挥平台适时动态全角度监控录像对帖子反映“民警吕海印大队收黑钱的帖子”近期执法路段的录像进行了调取，均未发现民警在执勤执法过程中存在公路“三乱”的违法行为。通过宣传科联系发帖人，始终无法联系到发帖人。', '', '2', '0', '2013-02-27 00:00:00', '0', '2', '1', '支队宣传科无法联系到发帖人。', '7', '2013-05-23 11:24:12', '7', '2013-05-23 11:24:12', '无法联系到发帖人');
INSERT INTO `complaint` VALUES ('211', '3', 'WY0036', '2013-02-27 00:00:00', '4', '李玉龙', '1', '0', null, '《农民互联网》“农民资讯”频道发帖。《长城论坛》“鸡泽吧”“曲周吧”和8个新浪博客相继转载。', null, null, '', '', '李玉龙反映： 2012年3月19日，其在河北宇康汽车制造厂购买一辆长征牌自卸大型汽车，3月28日在邯郸市车管所申领机动车号牌冀DJ0715。通过查询系统看到该车2006年在井陉县有笔违章，原来车辆未上牌照已经有罚款。另外3月份就该审车了，生怕误了年审。要求交管部门尽快取消这笔不属于自己的违章处罚。', '', '尚局长在2013年2月26日【舆情信息】第11期批示：请督察牵头对舆情召集有关部门尽快解决上报。', '经调取“公安交通管理综合应用平台”查询大型车冀DJ0715的信息得知：2006年9月27日井陉县交警大队对郝太明以故意遮挡机动车号牌的现场处罚。支队法制科办理意见如下：依据现行法律法规的规定的办理程序为：1、车主可持相关手续到交通违法行为发生地或当事人所在地的公安机关交通管理部门报案，交通违法行为发生地或当事人所在地的交警大队应当受理。2、如李玉龙到大名交警大队报案，大名交警大队应当积极联系处罚发生地开展调查工作，尽快查清案件，给当事人一个满意的结果。大名交警大队副大队长王清春将负责接待办理，并告知李玉龙持相关手续到大名交警大队报案，以便处罚尽快得到解决，其表示将携带相关证据去报案。\r\n', '', '1', '0', '2013-02-28 00:00:00', '2', '1', '1', '', '9', '2013-06-14 17:17:29', '9', '2013-06-14 17:17:29', '满意');
INSERT INTO `complaint` VALUES ('212', '3', 'WY0037', '2013-03-05 00:00:00', '4', '高山雪', '1', '0', null, '腾讯微博发布', null, null, '', '', '高山雪的腾讯微博称：“朋友们：救救这些司机们吧，北京开两会。邯郸交警运政坑百姓罚横财。今早大广高速河北邯郸北，三点多突然封路，把几百辆车赶到国道。引到个临时停车场突击罚款，凡是货车以超高或种种名目为由每车罚3000元。最少1500元，现在正在罚。两会的官员们救救他们吧。网友们帮转一下车号冀D0J866、冀DQJ866。”', '', '尚局长在2013年3月5日【舆情信息】第12期文件批示：请督察处查一下宣传科注意舆情应对', '经调取“公安交通管理综合应用平台”车管系统查询登记信息得知：1、小型车冀D0J866为灰色吉利美日汽车、机动车所有人：刘虎、地址：河北省邯郸市大名县孙甘店乡程甫村3组51号、联系电话：13932047130；2、小型车冀DQJ866为白色捷达汽车、机动车所有人：杨万州、地址：河北省邯郸市邱县新马头镇振兴街东段、联系电话：0310-8360012。督察联系13932047130：不认识冀D0J866的车主刘虎此人；再联系0310-8360012：冀DQJ866车属于邱县交通局超载超限站，用于日常路面执法。经过核实此两车不属于交警车辆，应属于地方交通局执法部门。\r\n', '', '2', '0', '2013-03-11 00:00:00', '0', '2', '1', '', '9', '2013-06-13 15:38:15', '9', '2013-06-13 15:38:15', '联系不上');
INSERT INTO `complaint` VALUES ('213', '3', 'WY0038', '2013-03-12 00:00:00', '4', 'mgy987404106', '1', '0', null, '腾讯微博', null, null, '', '', '3月8日晚20点左右在邯郸市左西村明怡街十字路口同伴（甘肃人）被大卡车撞伤，经抢救死亡，肇事者逃逸。这条街有过路人行道没有红绿灯也没有摄像头，更没有减速带。因天黑没有路灯看不到大卡车牌照，给交警队提供不了线索，可“老乡”怎么回去进行土葬。', '', '尚局长在2013年3月12日【舆情信息】第16期文件批示：请督察处宣传科对舆情进入细查，看是什么地方和细节我们该做什么？为什么群众会有那么大的意见：特别是问题大队领导应做反思，将意见结果上报：今后宣传科要正确引导。', ' 事故发生后，民警赶到现场进行勘查，现正在全力以赴开展案件的侦破工作中。受害人家属对事故发生路口的交通设施提出质疑，指出该路口无交通信号灯，南环路没有减速设施，夜间也没有路灯照明，是造成此事故的重要原因。依据《交通法》规定，道路建设部门尽早安装配套设施。死者家属扬言：如此事得不到解决，老家近日有100多人赶往邯郸，要到事故现场拦车要钱或抬着死者尸体到市政府门前堵门。二大队将此情况向市宗教局、辖区公安机关及乡镇政府进行通报，全力做好稳控工作。', '', '2', '0', '2013-03-15 00:00:00', '0', '2', '1', '', '9', '2013-06-13 15:37:11', '9', '2013-06-13 15:37:11', '无法联系');
INSERT INTO `complaint` VALUES ('214', '3', 'WY0039', '2013-03-12 00:00:00', '4', '缘分天空', '1', '0', null, '腾讯微博', null, null, '', '吴爱军', '“缘分天空” 3月11日20时49分在腾讯微博称：新交规需要修改。我在河北邯郸城市治安防控大队经历一件事，我开的是经过非法改装加长的车辆，牌照也动了位子。也经过年审合格全国各地多跑，这次在邯郸交警吴爱军执法存在不公，改装的车辆对交通安全产生危害没有得到处罚，牌照放到明显的地方被扣十二分，这样处罚没有人性。', '', '尚局长在2013年3月12日【舆情信息】第16期文件批示：请督察处宣传科对舆情进入细查，看是什么地方和细节我们该做什么？为什么群众会有那么大的意见：特别是问题大队领导应做反思，将意见结果上报：今后宣传科要正确引导。', '督察联系执勤民警，并调取了当日的执勤执法录像：大型运输车牌照沪B79990主车前号牌存在，但主车后号牌未按规定悬挂。民警告知当事人因不按规定悬挂机动车号牌的违法行为，依据《中华人民共和国道路交通安全法》第十一条第2款之规定违法代码1720处以记分分值12分、200元罚款。\r\n    督察通过调查：网上原帖所附图片上的车辆均无违法记录，与本次处罚无关。此次处罚民警执法程序并无过错，如当事人对此处罚有异议，可以去法制部门申请复议。\r\n', '', '2', '0', '2013-03-16 00:00:00', '0', '2', '1', '', '9', '2013-06-13 15:37:29', '9', '2013-06-13 15:37:29', '联系不上');
INSERT INTO `complaint` VALUES ('215', '3', 'WY0040', '2013-03-12 00:00:00', '4', '李东海', '1', '0', null, '腾讯微博', null, null, '', '', '“李东海”在腾讯微博称：3月11日18时58分，没有开心事，现在在邯郸西环堵车中，给交警打了两回电话竟然不管事，也堵车一天了，真是叫天天不灵，喊地地不应啊。', '', '尚局长在2013年3月12日【舆情信息】第16期文件批示：请督察处宣传科对舆情进入细查，看是什么地方和细节我们该做什么？为什么群众会有那么大的意见：特别是问题大队领导应做反思，将意见结果上报：今后宣传科要正确引导。', '道路施工单位未提前沟通联系交管部门，是导致3月11日西环道路拥堵的直接原因。邯郸县交警大队调集30名警力用了8个小时进行疏导，从下午14时至晚22时，路面交通当天恢复正常。', '', '2', '0', '2013-03-16 00:00:00', '0', '1', '1', '', '9', '2013-06-13 15:37:51', '9', '2013-06-13 15:37:51', '无法联系');
INSERT INTO `complaint` VALUES ('216', '3', 'WY0041', '2013-03-13 00:00:00', '4', '天天浩浩哥哥', '1', '0', null, '新浪微薄', null, null, '', '', '“天天浩浩哥哥” 3月13日22时11分在新浪微博称：邯郸市新兴大街与丛台路交叉口北路上全是车。只因小区内住着交警的领导，所以没有人敢管。', '', '尚局长在2013年3月13日【每日网情】文件批示：请涉及到的单位、领导应高度重视，拿出具体措施和意见上报并整顿情况，督察处查办，宣传科注意网上动态。', '督察联系交警一大队得知：丛台路小学位于此路段，它的北面是青年苑小区，该小区开发商每个车位售价18万元，大部分业主不愿意购买，于是很多业主将车辆停放在新兴大街沁河桥南道路两侧和学校的周边，因此给学生家长接、送孩子带来诸多不便。至于反映人称“只因小区内住着交警的领导，所以没有人敢管。”并无依据，纯属臆测。针对这种情况，督察建议交警一大队在学生上、下学高峰时段增派警力及时疏导，确保道路畅通，另外积极和停车管理办公室联系，尽快出台解决方案彻底解决，给群众一个满意的交代。', '', '2', '0', '2013-03-16 00:00:00', '0', '1', '1', '', '9', '2013-06-13 15:35:54', '9', '2013-06-13 15:35:54', '无法联系');
INSERT INTO `complaint` VALUES ('217', '3', 'WY0042', '2013-03-13 00:00:00', '4', 'ggane ', '1', '0', null, '新浪微薄', null, null, '', '', '“ggane” 3月12日11时44分在新浪微博称：邯郸交警四队，已经到了挣钱不要脸的地步，早上就开始制造混乱，除了罚款疏导疏导交通吧', '', ' 尚局长在2013年3月13日【每日网情】文件批示：请涉及到的单位、领导应高度重视，拿出具体措施和意见上报并整顿情况，督察处查办，宣传科注意网上动态。 ', '督察联系交警四大队得知：为预防和减少道路交通事故的发生，结合辖区交通安全实际，大队专门制订春季整交行动实施方案。完全按照网格化勤务模式运行。早、中、晚高峰期间以疏导为主，主要灯岗、重要节点、堵点乱点路段路口安排警力加强疏导，并加强警务区巡逻疏导。二级平台在晚高峰期间停止抓拍，全力巡视辖区交通动态，及时发现情况及时作出处置。平峰期间重点整治主次干道各类交通违法行为和支路小街巷乱停乱放、占道经营现象，确保各项整交方案顺利实施，各警务区确保有警力在路面管控治理。\r\n', '', '2', '0', '2013-03-16 00:00:00', '0', '2', '1', '', '9', '2013-06-13 15:36:15', '9', '2013-06-13 15:36:15', '无法联系');
INSERT INTO `complaint` VALUES ('218', '3', 'WY0043', '2013-03-13 00:00:00', '4', '崎峻冷酷', '1', '0', null, '腾讯微薄', null, null, '', '', '“崎峻冷酷” 3月11日11时09分在腾讯微博称：邯郸市车管所车托儿泛滥，办事儿效率低下！手续递进窗口半天出不来，车托整沓手续进去就出来了。', '', '尚局长在2013年3月13日【每日网情】文件批示：请涉及到的单位、领导应高度重视，拿出具体措施和意见上报并整顿情况，督察处查办，宣传科注意网上动态。', '针对这种情况，督察建议车管所在业务办理程序上进一步改进、简化有关步骤。错开群众业务办理高峰期，规范档案的交接时间。接待群众要做到警容严整、文明礼貌、服务规范，努力缩短群众等待时间，提高工作效率、群众满意率。针对这种情况，督察建议车管所在业务办理程序上进一步改进、简化有关步骤。错开群众业务办理高峰期，规范档案的交接时间。接待群众要做到警容严整、文明礼貌、服务规范，努力缩短群众等待时间，提高工作效率、群众满意率。', '', '2', '0', '2013-03-16 00:00:00', '0', '1', '1', '', '9', '2013-06-17 14:55:18', '9', '2013-06-17 14:55:18', '无法联系');
INSERT INTO `complaint` VALUES ('219', '3', 'WY0044', '2013-03-27 00:00:00', '4', '路边社河北分社', '1', '0', null, '腾讯微博', null, null, '', '', '网民“路边社河北分社”在腾讯微薄发帖称：2013年3月21日9时43分，在邯郸滏东南大街上拍到一辆没有牌照的110警车，让他感到困惑不解：任何车辆都不可以无牌上路，警车难道可以例外吗？河北公安交管网有相关规定吗？如果是违规现象，请邯郸公安网络发言人调查处理，警车更应该以身作则，带头遵守相关规定。', '', '艾局长在2013年3月22日市局网监支队【每日网情】文件批示：请交警、督察严查，特别是个人车辆无牌照很多，两部门要严查依法处理，不能执法犯法、执法违法。\r\n尚局长批示：请督察处按艾局长意见抓紧落实。', '督察调取微博图片显示为现代牌警用汽车，车辆侧编号为0634。随后督察与市公安局警务保障处取得联系，此号码尚未发放，无该编号车辆信息。鉴于目前检察院、法院及司法局与公安警用车辆外观相近，只是车身粘贴文字不同，例如“检察”、“法院”、“司法”和“公安”。拍摄图片无法看清警车侧面文字标识，亦存在该车辆是其它单位的公务用车的可能。\r\n滏东大街人民路属于交警六大队辖区，督察联系此路段当值民警得知，平峰期间民警在路段巡逻时未发现无牌警车。民警解释有两种情况：一种可能新车挂临牌在道路上行驶，另一种可能是车身前挂有牌照而车身后未悬挂号牌，所以不曾被民警发现。\r\n', '', '2', '0', '2013-03-28 00:00:00', '0', '2', '1', '', '9', '2013-06-13 15:35:04', '9', '2013-06-13 15:35:04', '联系不上');
INSERT INTO `complaint` VALUES ('220', '0', 'TS0088', '2013-03-28 00:00:00', '4', '王海林', '1', '0', '', '', '2', '', '18231052334', '胡静', '投诉人检举邱县公安交警大队长胡静利用工作之便与社会上不法分子相互勾结收钱消分谋取利益，贪污公款，并与女下属有不正当关系等问题。\r\n一、关于举报装修办公室花费巨大、公费旅游的问题。二、关于购买豪华轿车问题。三、关于指定停车场问题。', '', '艾局长在举报信批示：请市局纪委调查处理，结果望告。\r\n孙连生批示：由市局纪委案件核查室核查，交警支队配合，即查即报，如属实严处。', '胡静搬至原大队长办公室时部分墙皮脱落、门窗损坏。大队于今年元月对办公室墙面进行粉刷，修缮损坏门窗，共花费4600元，均由施工方垫资，至今尚未结算。2012年国庆期间，胡静1号、4号和6号分别在单位值班。邱县大队于2013年元月购置桥车两部按程序审批，并经市政府公开采购配置，帕萨特价值17万元，朗逸价值12万元，反映金额不符。邱县交警大队允许事故车辆自行确定停车场存放。反映的胡静系替考上学、借用下属现金、入股停车场、不正当男女关系等均查无实据。试着与举报人沟通，电话始终处于关机状态无法联系。交警支队审计部门于2013年3月27日进行财务审计并出示审计报告，证明邱县交警大队财务状况正常。\r\n', '', '2', '0', '2013-04-02 00:00:00', '0', '2', '1', '', '9', '2013-06-13 15:40:53', '9', '2013-06-13 15:40:53', '联系电话关机');
INSERT INTO `complaint` VALUES ('221', '0', 'TS0089', '2013-04-10 00:00:00', '4', '耿磊', '1', '0', '', '', '0', '', '18631012350', '', '投诉人反映：交警六大队对其处罚扣车，取车时被停车场收取停车费120元钱，要求交警六大队退还停车费。', '', '', '经查交警支队出台《严防公路“三乱”八项铁规实施细则》：严禁向暂扣车辆的当事人收取停车费、拖车费。督察通知交警六大队尽快给予投诉人办理退费手续。', '', '1', '0', '2013-04-10 00:00:00', '2', '1', '1', '', '9', '2013-06-14 15:04:27', '9', '2013-06-14 15:04:27', '满意');
INSERT INTO `complaint` VALUES ('222', '3', 'WY0045', '2013-04-07 00:00:00', '4', '《凤凰网》', '1', '0', null, '《凤凰网》“凤凰博报”板块发帖，《长城网》《百度贴吧》《新浪博客》转载', null, null, '', '', '2013年4月2日13：20《凤凰网》“凤凰博报”板块\r\n成安交警：新交规执行难 特权车违规上路执法', '', '尚局长在2013年4月18日【舆情信息】第19期文件批示：请督察、宣传对网上提出的问题进行调查，涉及大队将情况查清，并注意网上动态。', '督察建议成安交警大队向涉及的成安县交通局、人民医院、第三医院、环境保护局、供电公司、卫生监督所等6家单位下达了《违法整改通知书》，要求采取有效措施，对不按号牌、遮挡号牌、私改牌照、闯红灯等违法车辆进行整改，加强对内部驾驶员的教育和管理，杜绝此类违法行为的再次发生。同时，在成安县范围开展了涉牌涉证专项治理行动，严厉打击此类交通违法，采取异地用警的工作方式强化治理效果，几天来查纠60余起，取得了初步治理成效。大队还安排人员对帖子进行关注跟帖，积极引导舆论导向。', '', '1', '0', '2013-04-10 00:00:00', '2', '1', '1', '', '9', '2013-06-13 15:34:46', '9', '2013-06-13 15:34:46', '无法联系');
INSERT INTO `complaint` VALUES ('223', '3', 'WY0046', '2013-03-13 00:00:00', '4', '“李荣”', '0', '47', null, '腾讯微博', null, null, '13932061829', '峰峰事故科民警', '李九荣反映其子死亡不单是一起交通事故，案发后峰峰矿区交警大队事故科在没有走访调查和深入细致的现场勘查情况下草率结案。李九荣多次到公安局、区委、区政府有关部门反映问题，还对李九荣行政拘留。', '', '尚局长批示：请督察处上报情况。', '2009年11月15日吝海忠和自家兄弟吝海超、吝海新、宋起东、陈海燕、陈海燕饭店喝酒，吝海忠喝完酒不听劝阻硬是骑着一辆无牌照的红色助力摩托车，吝海忠行至新三矿口北约200米时摔倒，其当场死亡，摩托车损坏。省公厅于2011年6月18日做出冀公信访终字[2011]529号终结决定书，终结此案。2012年7月30日上午10时许，李荣九、吝有平夫妇在峰峰矿区政府大院无理纠缠并大吵大闹，致使政法委无法正常办公，新市区派出民警多次劝解无效。峰峰矿区分局于2012年7月30日对李九荣和吝有平行政拘留十日的处罚。邯郸市公安局于2012年9月28日作出决定，维持矿区分局的行政处罚决定。', '', '2', '0', '2013-03-14 00:00:00', '0', '1', '1', '', '11', '2013-06-13 17:01:27', '11', '2013-06-13 17:01:27', '已告知李某，李某并不满意。');
INSERT INTO `complaint` VALUES ('224', '0', 'TS0090', '2013-03-01 00:00:00', '4', '李某 ', '1', '0', '', '', '0', '', '15511030300', '', '李某反映：202路公交车车牌号后四位6179、6134、6120、6182、6181、6115、6136、6131；19路公交车牌号后四位5141、5441、5128、5137、5140；12路公交车车牌号后四位6003、6002、6001、6006、6004；3路公交车牌号后四位3123；22路公交车车牌号后四位3135故意遮挡号牌，把车牌号黑色字母数字都喷成与车牌照颜色一样的黄色，无法看清车牌照的数字，希望交警督察部门查一查。', '', '丁政委批示：请秩序处协调公交公司查明情况落实立即整改。', '202路属公交六公司，复兴区交警三大队管辖；19路属公交五公司，高开区交警四大队管辖；12路属公交六公司，复兴区交警三大队管理；3路属公司三公司，丛台区交警一大队管辖；22路属公交三公司，丛台区交警一大队管辖；交警一大队、交警三大队、交警四大队对公交总公司联系，公交车由于人为原因或常年日光曝晒造成车辆牌照号漆脱落和模糊现象，对此公交总公司立即整改，并主动与车管所联系统一换办新牌，一切费用由驾驶员承担，没收涂私自改牌照，车辆原司机调岗位，下岗培训，目前公交车已经恢复正常。督察处已告知当事人李某，李某表示满意。', '', '1', '0', '2013-03-11 00:00:00', '0', '1', '1', '', '11', '2013-06-13 17:06:51', '11', '2013-06-13 17:06:51', '满意');
INSERT INTO `complaint` VALUES ('226', '3', 'WY0052', '2013-05-26 00:00:00', '4', '铁甲潘东', '1', '0', null, '新浪微博', null, null, '无', '胡哲辉、周健、周伟', '新浪网友“铁甲潘东”5月26日在新浪微博发布贴子和照片，反映冀D1609警面包车休息日期间公车私用钓鱼。', 'D：\\赵士坚\\永年1069警', '尚局长批示：请督察处查实。', '经查冀D1609警号汽车为永年交警大队洺山中队所有，我督察处根据领导批示，督促永年大队迅速对当事民警做出相应处理。5月27日，永年大队对当事人胡哲辉（临时人员）予以辞退，带班人员周健停止工作2个月，写出检查扣除相应分值，洺山中队负责人周伟负责有领导责任，做出检查，通报批评。后我督察处联系宣传部门与网民跟贴，通报情况，消除影响。', '无', '1', '0', '2013-05-28 00:00:00', '2', '1', '1', '', '35', '2013-05-28 11:27:01', '35', '2013-05-28 11:27:01', '无法联系');
INSERT INTO `complaint` VALUES ('227', '0', 'TS0099', '2013-05-29 00:00:00', '4', '王瑞波', '1', '0', '', '河南安阳市', '0', '', '18937296189', '袁志全', '王某电话投诉，在磁县发生一起交通事故，磁县事故科于5月23日处理完毕，其中有21000元的事故赔偿金被事故科扣压，一直未交给当事人，磁县大队事故科会计李红芳一直因故推诿，要求答复。', '', '', '经我督察处与磁县交警大队事故科宋科长联系，及时退还了事故压金，当事人比较满意。', '', '1', '0', '2013-05-31 00:00:00', '2', '1', '1', '', '35', '2013-06-13 15:44:16', '35', '2013-06-13 15:44:16', '无异议');
INSERT INTO `complaint` VALUES ('228', '0', 'TS0100', '2013-05-23 00:00:00', '5', '潘向民', '1', '0', '警务评议代表', '邯郸县尚壁镇', '0', '', '13283175888', '李辉、刘黔晋、唐晓光、秦昆', '2013年5月23日，支队督察处接到群众投诉称：某交警大队4名民警，驾驶号牌为冀D2002警的皮卡制式警车在邯临路与东兴街交叉路口重庆酒家吃饭饮酒，所驾乘警车无后号牌，未年检，无保险。', 'ftp:宋春生文件夹/2013/5月/高开区民警驾警车出入饭店', '尚局长在《关于高开区大队民警驾驶警车违规行为》的通报上批示：请各大队引起重视，通报全市大队。', '1、督察民警出警后于14时40分在迎宾道北仓路口附近将该警车查扣，将驾乘人员唐晓光、李辉、刘黔晋带回，随后通知另一名当事人秦昆赶到支队督察处。经对4名当事人进行酒精检测，确认李辉、刘黔晋饮酒，秦昆、唐晓光未饮酒。经调阅高开区交警大队事故处理中队值班表，李辉、刘黔晋两人22日夜间值班，23日属于非工作时间；秦昆、唐晓光为当日值班民警。\r\n2、当事民警所驾驶车辆号牌为：冀D2002警；该车无后牌照；检验有效期至2013年5月；机动车第三者责任强制保险截止日期为2014年4月28日,未放置保险标志。', '', '1', '0', '2013-05-23 00:00:00', '2', '1', '1', '督察处于5月24日发出通知，请各执勤大队于5月25日前，派人到支队督察处领取《关于队伍管理的通报》，并迅速将通报内容传达至全体民警，举一反三，引以为诫', '12', '2013-06-14 11:51:46', '12', '2013-06-14 11:51:46', '当事人无异议');
INSERT INTO `complaint` VALUES ('229', '0', 'TS0101', '2013-05-02 00:00:00', '5', '闫海霞', '0', '42', '个体', '邯郸市肥乡县屯庄营乡刘寨营村', '1', '130428197105211146', '13803107565', '臧峰', '当事人反映：“治安卡口防控大队107国道防控中队在处理交通违法行为时，存在违规行为，并要求查明具体办案人员同时依法追究有关责任人的法律责任”。', '', '尚局长批示：引以为戒，制定措施，抓好队伍。', '一是峰峰矿务局通二矿又一村居民马海平，使用伪造、套用他人信息机动车驾驶证，违反了《中华人民共和国道路交通安全》第96条第1款之规定；\r\n二是防控大队民警臧峰在处理交通违法行为时，未按照相关程序规定，认真核实驾驶证真伪，致使马海平持伪造套用他人信息驾驶证处理交通违法行为，引发群众投诉，并在社会造成不良影响；\r\n三是防控大队民警臧峰在处理交通违法行为业务时，碍于朋友情面，在马海平所持驾驶证超过记分12分后，未按规定执行道路交通违法行为处理程序要求，扣留其驾驶证。', '', '1', '0', '2013-05-07 00:00:00', '2', '1', '1', '', '12', '2013-06-06 15:41:09', '12', '2013-06-06 15:41:09', '当事人无异议');
INSERT INTO `complaint` VALUES ('230', '3', 'WY0053', '2013-06-06 00:00:00', '4', '封同生', '1', '0', null, '百度贴吧', null, null, '无', '贾学斌', '6月5日，当事人封某在百度贴吧反映2013年5月5日其受人带其子被一改装送料车撞到，其子当场死亡，爱人重伤，交警对改装报废车不管理，医药费无着落要求答复。', '无', '尚局长批示：请成安大队高度重视，近期舆情较多，反映出管理混乱及各项措施处罚不到位问题，1、请宣传督察对网上情况及时回复。2、公巡处对成安大队的情况及时整改。3、志海队长应高度重视，处理情况上报支队，针对近期的情况和问题开展整治。', '经调查，成安改装报废车送料车上路行驶情况属实，事故发生后，当事人逃逸，现已进行加大追逃力度和网上追逃，并劝说车主其家属先期拿出35000元医药费，同时对封某进行解释工作并撤掉网上信息，另成安大队加大了对改装报废送料车的整治力度，现已暂扣4辆。', '无', '1', '0', '2013-06-07 00:00:00', '0', '1', '1', '', '35', '2013-06-08 12:06:22', '35', '2013-06-08 12:06:22', '无异议');
INSERT INTO `complaint` VALUES ('231', '3', 'WY0054', '2013-05-17 00:00:00', '4', '网民', '1', '0', null, '腾讯微博', null, null, '', '', '网民腾讯微博反映：2013年5月16日早8：30分在邯郸市人民路与建设大街，一辆长城绚丽警车牌照号冀D1729警自南朝北行驶，路遇红灯行驶过去，驾驶员看起来40岁左右，未穿警服。', '', '尚局长在“舆情参阅”第7期上批示：请督察查清上报市局纪委。', '经调取“公安交通管理综合应用平台”查询登记信息得知：警车冀D01729警为白蓝色长城绚丽警用汽车、机动车所有人：邯郸市公安局复兴区分局、地址：河北省邯郸市建设大街29号。交警支队通知各大队，要严格落实《邯郸市公安交通警察支队关于进一步加强全市交警系统内部车辆管理的通知》，严格遵守警车、公务用车管理使用规定，带头遵守交通法规，模范驾驶。同时对其他警种交通违法行为实行超告、通报车属单位。建议由市局督察支队协调复兴分局查清原因，落实责任人。\r\n', '', '2', '0', '2013-05-21 00:00:00', '0', '1', '1', '', '9', '2013-06-13 15:33:42', '9', '2013-06-13 15:33:42', '无法联系');
INSERT INTO `complaint` VALUES ('232', '0', 'TS0102', '2013-05-17 00:00:00', '4', '王先生', '1', '0', '', '', '2', '', '15028088201', '', '投诉人反映：2013年5月14日10：52分，交警在邯郸西青兰高速路口对过往车辆收取过路费，其认为不合理，望管理。', '', '尚局长在“市长公开电话交办卡”第【2013】119号文件批示：督察处核查并反馈。', '邯郸西青兰高速下道口309国道西段系邯郸县交警大队邯武中队辖区。督察民警联系邯武中队：执勤地点分别为309国道西防控中队门前警务区和肖河收费站以东两个执勤点。中队在青兰高速西口路段除正常巡逻外，并未在此对过往车辆进行处罚。随后督察民警电话联系投诉人得知：处罚的具体地点在青兰高速内还未出高速口，属于邯郸高速支队管辖范围。建议市局督察支队协调邯郸高速支队查清原因，落实责任人。\r\n', '', '2', '0', '2013-05-21 00:00:00', '0', '2', '1', '', '9', '2013-06-13 16:05:34', '9', '2013-06-13 16:05:34', '满意');
INSERT INTO `complaint` VALUES ('235', '3', 'WY0056', '2013-03-04 00:00:00', '4', '邯郸赵奢', '1', '0', null, '新浪微博', null, null, '', '张军涛 ', '市局网监支队【本地涉警】舆情办公室建议：交警支队核实并加强管理。 2013年3月1日13时，网民“邯郸赵奢”在新浪微薄发帖称：今天，从人民路与陵西大街华隆口公交车道等红灯时，停着挂着警牌司法车，后面跟着一辆无牌车。由于执法车违规带着后面车也跟着违法。昨日，同样此公交车道就停着三辆违规车：挂警牌的警察车、无车牌福特、电动汽车，我们的执法车做这事很起带头作用嘛。随后配发警用摩托车违规图片，违规摩托车牌照为：冀D0011警。 ', '', '网监支队舆情信息：艾局长、尚局长、丁政委都做出批示', '3月1日，支队指挥中心通知机动大队：指派民警赶往人民路滏东大街路口执行巡逻任务。大队委派民警张军涛驾驶冀D0011警摩托车前去执行任务，由于距离指定地点时间紧、任务重，张军涛驾驶警用摩托车在人民路陵西大街等红灯时违规越线停车，并未留意到后面有违法车辆。此次违规事实已被电子监控系统抓拍，督察督促机动大队按照规定负责：冀D0011警摩托车接受罚款处罚。针对此次事件造成的不良影响，督察督促机动大队领导班子成员研究决定对民警张军涛提出批评，并责令其做出书面检查。对交管工作中存在的不足之处，督察建议各单位所有民警严格遵守警车管理使用规定，时刻注意自己的行为，带头遵守交通法规，模范驾驶。', '', '1', '0', '2013-03-06 00:00:00', '2', '1', '1', '', '9', '2013-06-14 15:29:54', '9', '2013-06-14 15:29:54', '无法联系');
INSERT INTO `complaint` VALUES ('236', '0', 'TS0107', '2013-05-31 00:00:00', '4', '董广辉', '1', '0', '', '', '1', '130421197606061815', '', '民警暴朝辉', '董某反映2013年4月12日小型车冀DT2834在浴新大街与学院路交叉口把董某撞伤，二大队暴朝辉处理此事故，5月20日下事故认定书，他没有按交通事故认定10个工作日出认定书，发生交通事故时，现场只有冀DT2834小型车和受害人，并无任何车辆，另还有家属在场，为什么在认定书中出现了一个叫唐雷持二轮摩托车是事故造成事故的原因，当时根本没有第三者，他认定有第三者目的何在，用心不则。董某多次找民警暴朝辉处理事故，要求对方支付医疗费未支付，5月20日后暴民警把小型车冀DT2834号牌车放支，我的电动还没有做处理，给了认定书后我问暴民警找谁处理，暴民警称让我们找对方处理，这样的不作为结果合理吗？', '', '', '4月12日董某电动自行车与一辆出租车发生碰撞,造成董某受伤，两车不同程度损坏的交通事故。5月20日送达认定书，在制作认定书时，因疏忽大意，在电脑粘贴文件时未将原文件覆盖，至使现认定书出现第三者，但不影响该事故的认定书结果。民警从新给董某出一份认定书。并让民警写出深刻的检查，事故时间为4月12时，共计24个工作日，17日通知董某来领取认定书，董某推到20日才到事故中队领取。孙某赔偿董某全部医疗费，因董某所要赔偿金过高，难以调解，并告知董某由人民法院裁决。认定书下达的同时就让双方取车，董某称没时间，后暴民警又通知董某2次，董某至今未来取车。已告知董某，董某并不满意。', '', '2', '0', '2013-06-11 00:00:00', '0', '1', '1', '', '11', '2013-06-17 16:47:19', '11', '2013-06-17 16:47:19', '已告知董某，董某并不满意');
INSERT INTO `complaint` VALUES ('237', '0', 'TS0108', '2013-06-03 00:00:00', '5', '李连仲', '1', '0', '农民', '曲周县范庄村', '0', '130435198209050314', '13513107660', '高海江、赵岩', '当事人李某反映：2013年6月1日11时许，其驾驶冀D4295A在邯郸市国棉三厂与一辆宝来车发生交通事故，交警到现场后，未出示证件，并让自己调解，交警走后，被事故对方威胁，赔偿对方2996元，感到不公平。', '', '', '经查，交警一大队事故处理中队民警高海江、赵岩在处理该事故过程中，程序合法，该投诉查否。另：在处理该投诉过程当中，交警一大队未能提供有效视频资料，违反了逢警必录相关规定，根据千分制有关规定，在5月份千分制考核中扣除3分。', '', '2', '0', '2013-06-09 00:00:00', '3', '2', '1', '', '12', '2013-06-14 10:47:49', '12', '2013-06-14 10:47:49', '6月9日经电话回复当事人，当事人表示不理解，还要继续投诉。');
INSERT INTO `complaint` VALUES ('238', '0', 'TS0112', '2013-06-14 00:00:00', '3', '张峰', '1', '0', '', '', '0', '', '15188828798', '吕德隆', '反映其本人在17时左右骑电动三轮在光明和平路口被民警处罚，17时20分左右行驶至光明丛台口被民警拦下说处罚的票据无效，民警将其处罚票据撕毁，态度恶劣。\r\n     ', '', '', '经查：民警撕毁投诉人的票据属实。据民警叙述投拆人使用的是无日期的并很旧的罚款单据。民警执法时未使用执法记录仪当时情况无法查实。现民警已向投拆人赔理道歉。', '', '1', '0', '2013-06-17 00:00:00', '3', '1', '1', '6月17日电话回复投诉人调查结果。', '6', '2013-06-17 11:10:24', '6', '2013-06-17 11:10:24', '无意议');
INSERT INTO `complaint` VALUES ('239', '3', 'WY0058', '2013-06-13 00:00:00', '4', '邯郸治超委员会', '1', '0', null, '舆情信息员高怀志反应，未上网', null, null, '', '南东坊中队', '“邯郸治超委员会”博友反映：2013年6月8日14时30分左右，临漳交警执法时不规范（交警单独查处超载车辆）、态度恶劣（交警扣留司机手机并带到岗亭长时间训斥恐吓）。', '', '尚局长批示：请督察处、宣传科查处报结果', '经联系临漳县南东坊中队长薛会彬：按照支队部署“大排查、大教育、大整治” 统一行动，民警对大型汽车车牌号冀DB8198例行检查，感觉该车超载让到附近厂子过磅（治超站的磅是在一个企业厂子里，民警习惯说法）。这时看到有人用手机对民警进行拍摄，民警查看拍摄内容后并及时交还司机（民警执法视频资料并未显示司机遭到训斥及扣留手机）。随后驾驶员说是记者的车让民警接电话，民警未接把司机带到岗亭。打开电脑对司机的驾驶证、行车证的信息在“重点车辆系统”进行查询比对，因网络较慢查询时间长，并未对驾驶员训斥并扣留，最后也未对该车处罚。', 'FTP://翟毅然', '2', '0', '2013-06-19 00:00:00', '0', '1', '1', '督察联系法制部门：交警部门在具备过磅、卸载两个条件时完全可以对超载违法行为进行处罚。随后宣传部门与“邯郸治超委员会”博友沟通：其表示没有视频资料可以证实民警对驾驶员训斥扣留，经过反复深入沟通“邯郸治超委员会”博友已表示理解。', '9', '2013-06-20 17:20:08', '9', '2013-06-20 17:20:08', '表示理解');
INSERT INTO `complaint` VALUES ('240', '1', 'XC0033', '2013-06-18 00:00:00', '4', null, '0', '0', null, null, null, null, null, '顺合机动车检测线外检工作人员', '6月18日，接群众举报，投诉车管所顺合机动车检测线工作人员上班期间迟到早退，并有车托代办业务，要求管理。', '', '', '经督察处民警暗访和调查，车检线外检人员因按支队近期安排，周一至周五早晚要站高峰，因此上午和下午未能按正常时间上班工作，但在督察民警暗访过程中，中午2：45分才见外检人员到岗存在迟到现场。检测线门前车托确实存在，存在代办业务现象并收取不等费用，因此支队责令车管所近期加大各车管业务单位门前车托的治理，并重新严肃单位人员的工作纪律。后车管所与投诉群众积极沟通，消除不良影响。', null, '1', '0', '2013-06-20 00:00:00', '2', '1', '1', '投诉人向支队尚局直接反应情况，我督察按支队领导指示对顺合进行暗访调查。', '35', '2013-06-25 11:34:05', '35', '2013-06-25 11:34:05', '10.27.19.63');
INSERT INTO `complaintdepartment` VALUES ('165', '6');
INSERT INTO `complaintdepartment` VALUES ('174', '6');
INSERT INTO `complaintdepartment` VALUES ('178', '6');
INSERT INTO `complaintdepartment` VALUES ('183', '6');
INSERT INTO `complaintdepartment` VALUES ('187', '6');
INSERT INTO `complaintdepartment` VALUES ('216', '6');
INSERT INTO `complaintdepartment` VALUES ('224', '6');
INSERT INTO `complaintdepartment` VALUES ('237', '6');
INSERT INTO `complaintdepartment` VALUES ('238', '6');
INSERT INTO `complaintdepartment` VALUES ('156', '7');
INSERT INTO `complaintdepartment` VALUES ('161', '7');
INSERT INTO `complaintdepartment` VALUES ('165', '7');
INSERT INTO `complaintdepartment` VALUES ('187', '7');
INSERT INTO `complaintdepartment` VALUES ('189', '7');
INSERT INTO `complaintdepartment` VALUES ('194', '7');
INSERT INTO `complaintdepartment` VALUES ('213', '7');
INSERT INTO `complaintdepartment` VALUES ('236', '7');
INSERT INTO `complaintdepartment` VALUES ('165', '8');
INSERT INTO `complaintdepartment` VALUES ('224', '8');
INSERT INTO `complaintdepartment` VALUES ('165', '9');
INSERT INTO `complaintdepartment` VALUES ('175', '9');
INSERT INTO `complaintdepartment` VALUES ('206', '9');
INSERT INTO `complaintdepartment` VALUES ('217', '9');
INSERT INTO `complaintdepartment` VALUES ('224', '9');
INSERT INTO `complaintdepartment` VALUES ('228', '9');
INSERT INTO `complaintdepartment` VALUES ('160', '10');
INSERT INTO `complaintdepartment` VALUES ('154', '11');
INSERT INTO `complaintdepartment` VALUES ('158', '11');
INSERT INTO `complaintdepartment` VALUES ('165', '11');
INSERT INTO `complaintdepartment` VALUES ('167', '11');
INSERT INTO `complaintdepartment` VALUES ('172', '11');
INSERT INTO `complaintdepartment` VALUES ('173', '11');
INSERT INTO `complaintdepartment` VALUES ('221', '11');
INSERT INTO `complaintdepartment` VALUES ('157', '12');
INSERT INTO `complaintdepartment` VALUES ('184', '12');
INSERT INTO `complaintdepartment` VALUES ('190', '12');
INSERT INTO `complaintdepartment` VALUES ('209', '12');
INSERT INTO `complaintdepartment` VALUES ('214', '12');
INSERT INTO `complaintdepartment` VALUES ('229', '12');
INSERT INTO `complaintdepartment` VALUES ('235', '13');
INSERT INTO `complaintdepartment` VALUES ('188', '14');
INSERT INTO `complaintdepartment` VALUES ('190', '14');
INSERT INTO `complaintdepartment` VALUES ('203', '14');
INSERT INTO `complaintdepartment` VALUES ('215', '14');
INSERT INTO `complaintdepartment` VALUES ('223', '15');
INSERT INTO `complaintdepartment` VALUES ('171', '16');
INSERT INTO `complaintdepartment` VALUES ('211', '16');
INSERT INTO `complaintdepartment` VALUES ('168', '17');
INSERT INTO `complaintdepartment` VALUES ('170', '17');
INSERT INTO `complaintdepartment` VALUES ('195', '17');
INSERT INTO `complaintdepartment` VALUES ('200', '17');
INSERT INTO `complaintdepartment` VALUES ('222', '17');
INSERT INTO `complaintdepartment` VALUES ('230', '17');
INSERT INTO `complaintdepartment` VALUES ('169', '18');
INSERT INTO `complaintdepartment` VALUES ('187', '18');
INSERT INTO `complaintdepartment` VALUES ('193', '18');
INSERT INTO `complaintdepartment` VALUES ('164', '19');
INSERT INTO `complaintdepartment` VALUES ('159', '22');
INSERT INTO `complaintdepartment` VALUES ('186', '22');
INSERT INTO `complaintdepartment` VALUES ('239', '22');
INSERT INTO `complaintdepartment` VALUES ('220', '23');
INSERT INTO `complaintdepartment` VALUES ('162', '25');
INSERT INTO `complaintdepartment` VALUES ('201', '25');
INSERT INTO `complaintdepartment` VALUES ('192', '26');
INSERT INTO `complaintdepartment` VALUES ('202', '27');
INSERT INTO `complaintdepartment` VALUES ('227', '27');
INSERT INTO `complaintdepartment` VALUES ('155', '28');
INSERT INTO `complaintdepartment` VALUES ('177', '28');
INSERT INTO `complaintdepartment` VALUES ('199', '28');
INSERT INTO `complaintdepartment` VALUES ('226', '28');
INSERT INTO `complaintdepartment` VALUES ('180', '29');
INSERT INTO `complaintdepartment` VALUES ('210', '29');
INSERT INTO `complaintdepartment` VALUES ('179', '30');
INSERT INTO `complaintdepartment` VALUES ('218', '30');
INSERT INTO `complaintdepartment` VALUES ('240', '30');
INSERT INTO `complaintdepartment` VALUES ('191', '46');
INSERT INTO `complaintdepartment` VALUES ('185', '51');
INSERT INTO `complaintdepartment` VALUES ('212', '51');
INSERT INTO `complaintdepartment` VALUES ('219', '51');
INSERT INTO `complaintdepartment` VALUES ('231', '51');
INSERT INTO `complaintdepartment` VALUES ('232', '51');
INSERT INTO `complainthandlesort` VALUES ('157', '1');
INSERT INTO `complainthandlesort` VALUES ('169', '1');
INSERT INTO `complainthandlesort` VALUES ('192', '1');
INSERT INTO `complainthandlesort` VALUES ('226', '1');
INSERT INTO `complainthandlesort` VALUES ('229', '1');
INSERT INTO `complainthandlesort` VALUES ('236', '1');
INSERT INTO `complainthandlesort` VALUES ('157', '2');
INSERT INTO `complainthandlesort` VALUES ('177', '2');
INSERT INTO `complainthandlesort` VALUES ('226', '2');
INSERT INTO `complainthandlesort` VALUES ('228', '2');
INSERT INTO `complainthandlesort` VALUES ('154', '3');
INSERT INTO `complainthandlesort` VALUES ('157', '3');
INSERT INTO `complainthandlesort` VALUES ('174', '3');
INSERT INTO `complainthandlesort` VALUES ('178', '3');
INSERT INTO `complainthandlesort` VALUES ('192', '3');
INSERT INTO `complainthandlesort` VALUES ('206', '3');
INSERT INTO `complainthandlesort` VALUES ('209', '3');
INSERT INTO `complainthandlesort` VALUES ('228', '3');
INSERT INTO `complainthandlesort` VALUES ('229', '3');
INSERT INTO `complainthandlesort` VALUES ('170', '4');
INSERT INTO `complainthandlesort` VALUES ('179', '4');
INSERT INTO `complainthandlesort` VALUES ('228', '5');
INSERT INTO `complainthandlesort` VALUES ('157', '6');
INSERT INTO `complainthandlesort` VALUES ('177', '6');
INSERT INTO `complainthandlesort` VALUES ('192', '6');
INSERT INTO `complainthandlesort` VALUES ('226', '6');
INSERT INTO `complainthandlesort` VALUES ('229', '6');
INSERT INTO `complainthandlesort` VALUES ('170', '7');
INSERT INTO `complainthandlesort` VALUES ('171', '8');
INSERT INTO `complainthandlesort` VALUES ('158', '10');
INSERT INTO `complainthandlesort` VALUES ('160', '10');
INSERT INTO `complainthandlesort` VALUES ('226', '13');
INSERT INTO `complainthandlesort` VALUES ('155', '15');
INSERT INTO `complainthandlesort` VALUES ('156', '15');
INSERT INTO `complainthandlesort` VALUES ('159', '15');
INSERT INTO `complainthandlesort` VALUES ('161', '15');
INSERT INTO `complainthandlesort` VALUES ('162', '15');
INSERT INTO `complainthandlesort` VALUES ('164', '15');
INSERT INTO `complainthandlesort` VALUES ('165', '15');
INSERT INTO `complainthandlesort` VALUES ('172', '15');
INSERT INTO `complainthandlesort` VALUES ('173', '15');
INSERT INTO `complainthandlesort` VALUES ('175', '15');
INSERT INTO `complainthandlesort` VALUES ('176', '15');
INSERT INTO `complainthandlesort` VALUES ('185', '15');
INSERT INTO `complainthandlesort` VALUES ('187', '15');
INSERT INTO `complainthandlesort` VALUES ('190', '15');
INSERT INTO `complainthandlesort` VALUES ('193', '15');
INSERT INTO `complainthandlesort` VALUES ('199', '15');
INSERT INTO `complainthandlesort` VALUES ('210', '15');
INSERT INTO `complainthandlesort` VALUES ('211', '15');
INSERT INTO `complainthandlesort` VALUES ('221', '15');
INSERT INTO `complainthandlesort` VALUES ('222', '15');
INSERT INTO `complainthandlesort` VALUES ('227', '15');
INSERT INTO `complainthandlesort` VALUES ('230', '15');
INSERT INTO `complainthandlesort` VALUES ('237', '15');
INSERT INTO `complainthandlesort` VALUES ('240', '16');
INSERT INTO `complaintinspector` VALUES ('162', '6');
INSERT INTO `complaintinspector` VALUES ('164', '6');
INSERT INTO `complaintinspector` VALUES ('238', '6');
INSERT INTO `complaintinspector` VALUES ('206', '7');
INSERT INTO `complaintinspector` VALUES ('209', '7');
INSERT INTO `complaintinspector` VALUES ('210', '7');
INSERT INTO `complaintinspector` VALUES ('187', '9');
INSERT INTO `complaintinspector` VALUES ('189', '9');
INSERT INTO `complaintinspector` VALUES ('190', '9');
INSERT INTO `complaintinspector` VALUES ('191', '9');
INSERT INTO `complaintinspector` VALUES ('193', '9');
INSERT INTO `complaintinspector` VALUES ('194', '9');
INSERT INTO `complaintinspector` VALUES ('195', '9');
INSERT INTO `complaintinspector` VALUES ('211', '9');
INSERT INTO `complaintinspector` VALUES ('212', '9');
INSERT INTO `complaintinspector` VALUES ('213', '9');
INSERT INTO `complaintinspector` VALUES ('214', '9');
INSERT INTO `complaintinspector` VALUES ('215', '9');
INSERT INTO `complaintinspector` VALUES ('216', '9');
INSERT INTO `complaintinspector` VALUES ('217', '9');
INSERT INTO `complaintinspector` VALUES ('218', '9');
INSERT INTO `complaintinspector` VALUES ('219', '9');
INSERT INTO `complaintinspector` VALUES ('220', '9');
INSERT INTO `complaintinspector` VALUES ('221', '9');
INSERT INTO `complaintinspector` VALUES ('222', '9');
INSERT INTO `complaintinspector` VALUES ('231', '9');
INSERT INTO `complaintinspector` VALUES ('232', '9');
INSERT INTO `complaintinspector` VALUES ('235', '9');
INSERT INTO `complaintinspector` VALUES ('239', '9');
INSERT INTO `complaintinspector` VALUES ('167', '11');
INSERT INTO `complaintinspector` VALUES ('168', '11');
INSERT INTO `complaintinspector` VALUES ('169', '11');
INSERT INTO `complaintinspector` VALUES ('171', '11');
INSERT INTO `complaintinspector` VALUES ('179', '11');
INSERT INTO `complaintinspector` VALUES ('180', '11');
INSERT INTO `complaintinspector` VALUES ('183', '11');
INSERT INTO `complaintinspector` VALUES ('184', '11');
INSERT INTO `complaintinspector` VALUES ('185', '11');
INSERT INTO `complaintinspector` VALUES ('186', '11');
INSERT INTO `complaintinspector` VALUES ('188', '11');
INSERT INTO `complaintinspector` VALUES ('192', '11');
INSERT INTO `complaintinspector` VALUES ('200', '11');
INSERT INTO `complaintinspector` VALUES ('201', '11');
INSERT INTO `complaintinspector` VALUES ('202', '11');
INSERT INTO `complaintinspector` VALUES ('203', '11');
INSERT INTO `complaintinspector` VALUES ('223', '11');
INSERT INTO `complaintinspector` VALUES ('224', '11');
INSERT INTO `complaintinspector` VALUES ('236', '11');
INSERT INTO `complaintinspector` VALUES ('154', '12');
INSERT INTO `complaintinspector` VALUES ('228', '12');
INSERT INTO `complaintinspector` VALUES ('229', '12');
INSERT INTO `complaintinspector` VALUES ('237', '12');
INSERT INTO `complaintinspector` VALUES ('155', '35');
INSERT INTO `complaintinspector` VALUES ('156', '35');
INSERT INTO `complaintinspector` VALUES ('157', '35');
INSERT INTO `complaintinspector` VALUES ('158', '35');
INSERT INTO `complaintinspector` VALUES ('159', '35');
INSERT INTO `complaintinspector` VALUES ('160', '35');
INSERT INTO `complaintinspector` VALUES ('161', '35');
INSERT INTO `complaintinspector` VALUES ('165', '35');
INSERT INTO `complaintinspector` VALUES ('170', '35');
INSERT INTO `complaintinspector` VALUES ('172', '35');
INSERT INTO `complaintinspector` VALUES ('173', '35');
INSERT INTO `complaintinspector` VALUES ('174', '35');
INSERT INTO `complaintinspector` VALUES ('175', '35');
INSERT INTO `complaintinspector` VALUES ('176', '35');
INSERT INTO `complaintinspector` VALUES ('177', '35');
INSERT INTO `complaintinspector` VALUES ('178', '35');
INSERT INTO `complaintinspector` VALUES ('199', '35');
INSERT INTO `complaintinspector` VALUES ('226', '35');
INSERT INTO `complaintinspector` VALUES ('227', '35');
INSERT INTO `complaintinspector` VALUES ('230', '35');
INSERT INTO `complaintinspector` VALUES ('240', '35');
INSERT INTO `complaintquestionsort` VALUES ('154', '1');
INSERT INTO `complaintquestionsort` VALUES ('156', '1');
INSERT INTO `complaintquestionsort` VALUES ('157', '1');
INSERT INTO `complaintquestionsort` VALUES ('158', '1');
INSERT INTO `complaintquestionsort` VALUES ('160', '1');
INSERT INTO `complaintquestionsort` VALUES ('165', '1');
INSERT INTO `complaintquestionsort` VALUES ('167', '1');
INSERT INTO `complaintquestionsort` VALUES ('171', '1');
INSERT INTO `complaintquestionsort` VALUES ('172', '1');
INSERT INTO `complaintquestionsort` VALUES ('175', '1');
INSERT INTO `complaintquestionsort` VALUES ('177', '1');
INSERT INTO `complaintquestionsort` VALUES ('180', '1');
INSERT INTO `complaintquestionsort` VALUES ('183', '1');
INSERT INTO `complaintquestionsort` VALUES ('184', '1');
INSERT INTO `complaintquestionsort` VALUES ('185', '1');
INSERT INTO `complaintquestionsort` VALUES ('186', '1');
INSERT INTO `complaintquestionsort` VALUES ('190', '1');
INSERT INTO `complaintquestionsort` VALUES ('193', '1');
INSERT INTO `complaintquestionsort` VALUES ('194', '1');
INSERT INTO `complaintquestionsort` VALUES ('214', '1');
INSERT INTO `complaintquestionsort` VALUES ('217', '1');
INSERT INTO `complaintquestionsort` VALUES ('221', '1');
INSERT INTO `complaintquestionsort` VALUES ('224', '1');
INSERT INTO `complaintquestionsort` VALUES ('232', '1');
INSERT INTO `complaintquestionsort` VALUES ('238', '1');
INSERT INTO `complaintquestionsort` VALUES ('239', '1');
INSERT INTO `complaintquestionsort` VALUES ('164', '2');
INSERT INTO `complaintquestionsort` VALUES ('187', '2');
INSERT INTO `complaintquestionsort` VALUES ('191', '2');
INSERT INTO `complaintquestionsort` VALUES ('195', '2');
INSERT INTO `complaintquestionsort` VALUES ('229', '2');
INSERT INTO `complaintquestionsort` VALUES ('161', '3');
INSERT INTO `complaintquestionsort` VALUES ('168', '3');
INSERT INTO `complaintquestionsort` VALUES ('169', '3');
INSERT INTO `complaintquestionsort` VALUES ('170', '3');
INSERT INTO `complaintquestionsort` VALUES ('179', '3');
INSERT INTO `complaintquestionsort` VALUES ('211', '3');
INSERT INTO `complaintquestionsort` VALUES ('218', '3');
INSERT INTO `complaintquestionsort` VALUES ('155', '4');
INSERT INTO `complaintquestionsort` VALUES ('159', '4');
INSERT INTO `complaintquestionsort` VALUES ('174', '4');
INSERT INTO `complaintquestionsort` VALUES ('176', '4');
INSERT INTO `complaintquestionsort` VALUES ('178', '4');
INSERT INTO `complaintquestionsort` VALUES ('188', '4');
INSERT INTO `complaintquestionsort` VALUES ('189', '4');
INSERT INTO `complaintquestionsort` VALUES ('192', '4');
INSERT INTO `complaintquestionsort` VALUES ('199', '4');
INSERT INTO `complaintquestionsort` VALUES ('213', '4');
INSERT INTO `complaintquestionsort` VALUES ('223', '4');
INSERT INTO `complaintquestionsort` VALUES ('227', '4');
INSERT INTO `complaintquestionsort` VALUES ('230', '4');
INSERT INTO `complaintquestionsort` VALUES ('236', '4');
INSERT INTO `complaintquestionsort` VALUES ('237', '4');
INSERT INTO `complaintquestionsort` VALUES ('173', '5');
INSERT INTO `complaintquestionsort` VALUES ('200', '5');
INSERT INTO `complaintquestionsort` VALUES ('201', '5');
INSERT INTO `complaintquestionsort` VALUES ('202', '5');
INSERT INTO `complaintquestionsort` VALUES ('206', '5');
INSERT INTO `complaintquestionsort` VALUES ('209', '5');
INSERT INTO `complaintquestionsort` VALUES ('210', '5');
INSERT INTO `complaintquestionsort` VALUES ('226', '5');
INSERT INTO `complaintquestionsort` VALUES ('228', '5');
INSERT INTO `complaintquestionsort` VALUES ('231', '5');
INSERT INTO `complaintquestionsort` VALUES ('235', '5');
INSERT INTO `complaintquestionsort` VALUES ('240', '5');
INSERT INTO `complaintquestionsort` VALUES ('162', '6');
INSERT INTO `complaintquestionsort` VALUES ('203', '6');
INSERT INTO `complaintquestionsort` VALUES ('212', '6');
INSERT INTO `complaintquestionsort` VALUES ('215', '6');
INSERT INTO `complaintquestionsort` VALUES ('216', '6');
INSERT INTO `complaintquestionsort` VALUES ('219', '6');
INSERT INTO `complaintquestionsort` VALUES ('220', '6');
INSERT INTO `complaintquestionsort` VALUES ('222', '6');
INSERT INTO `department` VALUES ('-1', '1', '默认单位', null, null, '0');
INSERT INTO `department` VALUES ('0', '2', '警务督察处', null, null, '0');
INSERT INTO `department` VALUES ('0', '3', '现场督察中队', null, null, '0');
INSERT INTO `department` VALUES ('0', '4', '网上督察中队', null, null, '0');
INSERT INTO `department` VALUES ('0', '5', '综合指导中队', null, null, '0');
INSERT INTO `department` VALUES ('1', '6', '一大队', null, null, '0');
INSERT INTO `department` VALUES ('1', '7', '二大队', null, null, '0');
INSERT INTO `department` VALUES ('1', '8', '三大队', null, null, '0');
INSERT INTO `department` VALUES ('1', '9', '四大队', null, null, '0');
INSERT INTO `department` VALUES ('1', '10', '五大队', null, null, '0');
INSERT INTO `department` VALUES ('1', '11', '六大队', null, null, '0');
INSERT INTO `department` VALUES ('1', '12', '防控大队', '', '', '0');
INSERT INTO `department` VALUES ('1', '13', '机动大队', null, null, '0');
INSERT INTO `department` VALUES ('1', '14', '邯郸县大队', null, null, '0');
INSERT INTO `department` VALUES ('1', '15', '峰峰大队', null, null, '0');
INSERT INTO `department` VALUES ('1', '16', '大名大队', null, null, '0');
INSERT INTO `department` VALUES ('1', '17', '成安大队', null, null, '0');
INSERT INTO `department` VALUES ('1', '18', '魏县大队', null, null, '0');
INSERT INTO `department` VALUES ('1', '19', '曲周大队', null, null, '0');
INSERT INTO `department` VALUES ('1', '20', '馆陶大队', null, null, '0');
INSERT INTO `department` VALUES ('1', '21', '肥乡大队', null, null, '0');
INSERT INTO `department` VALUES ('1', '22', '临漳大队', null, null, '0');
INSERT INTO `department` VALUES ('1', '23', '邱县大队', null, null, '0');
INSERT INTO `department` VALUES ('1', '24', '广平大队', null, null, '0');
INSERT INTO `department` VALUES ('1', '25', '涉县大队', null, null, '0');
INSERT INTO `department` VALUES ('1', '26', '武安大队', null, null, '0');
INSERT INTO `department` VALUES ('1', '27', '磁县大队', null, null, '0');
INSERT INTO `department` VALUES ('1', '28', '永年大队', null, null, '0');
INSERT INTO `department` VALUES ('1', '29', '鸡泽大队', null, null, '0');
INSERT INTO `department` VALUES ('2', '30', '车管所', null, null, '0');
INSERT INTO `department` VALUES ('2', '31', '事故处', null, null, '0');
INSERT INTO `department` VALUES ('2', '32', '人检中心', null, null, '0');
INSERT INTO `department` VALUES ('2', '33', '考试中心', null, null, '0');
INSERT INTO `department` VALUES ('2', '34', '交通秩序处', null, null, '0');
INSERT INTO `department` VALUES ('2', '35', '公路巡警处', null, null, '0');
INSERT INTO `department` VALUES ('2', '36', '法制科', null, null, '0');
INSERT INTO `department` VALUES ('2', '37', '特勤大队', null, null, '0');
INSERT INTO `department` VALUES ('2', '38', '指挥中心', null, null, '0');
INSERT INTO `department` VALUES ('2', '39', '信息通信中心', null, null, '0');
INSERT INTO `department` VALUES ('2', '40', '办公室', null, null, '0');
INSERT INTO `department` VALUES ('2', '41', '政治处', null, null, '0');
INSERT INTO `department` VALUES ('2', '42', '行政科', null, null, '0');
INSERT INTO `department` VALUES ('2', '43', '纪委', null, null, '0');
INSERT INTO `department` VALUES ('2', '44', '财务科', null, null, '0');
INSERT INTO `department` VALUES ('2', '45', '审计科', null, null, '0');
INSERT INTO `department` VALUES ('2', '46', '交通设施科', null, null, '0');
INSERT INTO `department` VALUES ('2', '47', '宣传科', null, null, '0');
INSERT INTO `department` VALUES ('2', '48', '科研中心', null, null, '0');
INSERT INTO `department` VALUES ('2', '49', '服务中心', null, null, '0');
INSERT INTO `department` VALUES ('2', '50', '宣教中心', null, null, '0');
INSERT INTO `department` VALUES ('1', '51', '其它单位', '', '', '0');
INSERT INTO `handlesort` VALUES ('1', '书面检查', null);
INSERT INTO `handlesort` VALUES ('2', '通报批评', null);
INSERT INTO `handlesort` VALUES ('3', '参加培训班', null);
INSERT INTO `handlesort` VALUES ('4', '罚款', null);
INSERT INTO `handlesort` VALUES ('5', '禁闭', null);
INSERT INTO `handlesort` VALUES ('6', '停止执行职务', null);
INSERT INTO `handlesort` VALUES ('7', '调离工作岗位', null);
INSERT INTO `handlesort` VALUES ('8', '调离执法岗位', null);
INSERT INTO `handlesort` VALUES ('9', '诫勉谈话', null);
INSERT INTO `handlesort` VALUES ('10', '警告', null);
INSERT INTO `handlesort` VALUES ('11', '记过', null);
INSERT INTO `handlesort` VALUES ('12', '记大过', null);
INSERT INTO `handlesort` VALUES ('13', '辞退', null);
INSERT INTO `handlesort` VALUES ('14', '开除', null);
INSERT INTO `handlesort` VALUES ('15', '其他', null);
INSERT INTO `handlesort` VALUES ('16', '千分制扣分', '');
INSERT INTO `module` VALUES ('100', '基本信息', '', '');
INSERT INTO `module` VALUES ('100001', '人员资料', '', 'manage/system/user!personal.action ');
INSERT INTO `module` VALUES ('100002', '更改登录密码', '', 'manage/system/updatepwd.jsp');
INSERT INTO `module` VALUES ('110', '举报投诉', '', '');
INSERT INTO `module` VALUES ('110001', '添加', '', 'manage/complaint/complaint!inAdd.action');
INSERT INTO `module` VALUES ('110002', '修改/删除', '', 'manage/complaint/complaint!list.action');
INSERT INTO `module` VALUES ('120', '现场督察', '', 'manage/complaint/fieldInspect!inAdd.action');
INSERT INTO `module` VALUES ('120001', '添加', '', 'manage/complaint/fieldInspect!inAdd.action');
INSERT INTO `module` VALUES ('120002', '修改/删除', '', 'manage/complaint/fieldInspect!list.action');
INSERT INTO `module` VALUES ('130', '网上督察', '', '');
INSERT INTO `module` VALUES ('130001', '添加', '', 'manage/complaint/webInspect!inAdd.action');
INSERT INTO `module` VALUES ('130002', '修改/删除', '', 'manage/complaint/webInspect!list.action');
INSERT INTO `module` VALUES ('140', '网络舆情', '', '');
INSERT INTO `module` VALUES ('140001', '添加', '', 'manage/complaint/popularFeelings!inAdd.action');
INSERT INTO `module` VALUES ('140002', '修改/删除', '', 'manage/complaint/popularFeelings!list.action');
INSERT INTO `module` VALUES ('150', '审核', '', '');
INSERT INTO `module` VALUES ('150001', '批示', '', '');
INSERT INTO `module` VALUES ('150002', '审核', '', 'manage/complaint/audit!auditList.action');
INSERT INTO `module` VALUES ('170', '统计表', '', '');
INSERT INTO `module` VALUES ('170000', '预警信息', null, 'manage/department/department!dep_qianfen.action');
INSERT INTO `module` VALUES ('170001', '受理举报投诉统计表', '', '/manage/complaint/statistics!statisticsList.action?type=0');
INSERT INTO `module` VALUES ('170002', '现场督察统计表', '', '/manage/complaint/statistics!statisticsList.action?type=1');
INSERT INTO `module` VALUES ('170003', '网上督察统计表', '', '/manage/complaint/statistics!statisticsList.action?type=2');
INSERT INTO `module` VALUES ('170004', '网络舆情调查统计表', '', '/manage/complaint/statistics!statisticsList.action?type=3');
INSERT INTO `module` VALUES ('170005', '千分制考核扣分明细表', '', 'manage/department/department!qianfen.action');
INSERT INTO `module` VALUES ('170006', '大队排名统计表', '', 'manage/department/department!paimingdadui.action');
INSERT INTO `module` VALUES ('170008', '科室排名统计表', null, 'manage/department/department!paimingkeshi.action');
INSERT INTO `module` VALUES ('170009', '总查询', null, 'manage/complaint/complaint!allList.action');
INSERT INTO `module` VALUES ('180', '统计柱状图', '', '');
INSERT INTO `module` VALUES ('180001', '预警信息问题类别统计图', '', 'jfreechart/questionSort!list.action');
INSERT INTO `module` VALUES ('180002', '预警信息问题来源统计图', '', 'jfreechart/complaint1!listByEarlyWarining.action');
INSERT INTO `module` VALUES ('180003', '各单位预警信息统计图', '', 'jfreechart/department!list.action');
INSERT INTO `module` VALUES ('180004', '按月:总数+查实数', '', '');
INSERT INTO `module` VALUES ('190', '系统管理', '', '');
INSERT INTO `module` VALUES ('190001', '用户', '', 'manage/system/user!list3.action');
INSERT INTO `module` VALUES ('190004', '权限', '', 'manage/system/role!roleModule.action');
INSERT INTO `module` VALUES ('190005', '数据库备份', '', 'manage/system/mysqlbackup.jsp');
INSERT INTO `module` VALUES ('190006', '数据库还原', '', 'manage/system/mysqlload.jsp');
INSERT INTO `module` VALUES ('190009', '千分制扣分', '', '');
INSERT INTO `module` VALUES ('190010', '模块', null, 'manage/system/module!list.action');
INSERT INTO `module` VALUES ('190011', '单位管理', null, 'manage/data/department!list1.action');
INSERT INTO `module` VALUES ('190012', '问题分类', null, 'manage/data/questionSort!list1.action');
INSERT INTO `module` VALUES ('190013', '处理分类', null, 'manage/data/handleSort!list.action');
INSERT INTO `module` VALUES ('190014', '角色', null, 'manage/system/role!list.action');
INSERT INTO `questionsort` VALUES ('1', '现场执勤执法', '');
INSERT INTO `questionsort` VALUES ('2', '非现场处罚', null);
INSERT INTO `questionsort` VALUES ('3', '车驾管业务', null);
INSERT INTO `questionsort` VALUES ('4', '事故处理', null);
INSERT INTO `questionsort` VALUES ('5', '内务纪律', null);
INSERT INTO `questionsort` VALUES ('6', '其它', null);
INSERT INTO `role` VALUES ('1', 'ROLE_SYS_ADMIN', '管理员');
INSERT INTO `role` VALUES ('2', 'ROLE_INSPECT_USER', '录入人员');
INSERT INTO `role` VALUES ('3', 'ROLE_INSPECT_ADMIN', '督察单位管理员');
INSERT INTO `role` VALUES ('4', 'ROLE_RELATE_USER', '涉及单位人员');
INSERT INTO `role` VALUES ('6', 'ROL_CHECK_USER', '审核人员');
INSERT INTO `rolemodule` VALUES ('1', '100');
INSERT INTO `rolemodule` VALUES ('2', '100');
INSERT INTO `rolemodule` VALUES ('3', '100');
INSERT INTO `rolemodule` VALUES ('4', '100');
INSERT INTO `rolemodule` VALUES ('6', '100');
INSERT INTO `rolemodule` VALUES ('1', '100001');
INSERT INTO `rolemodule` VALUES ('2', '100001');
INSERT INTO `rolemodule` VALUES ('3', '100001');
INSERT INTO `rolemodule` VALUES ('4', '100001');
INSERT INTO `rolemodule` VALUES ('6', '100001');
INSERT INTO `rolemodule` VALUES ('1', '100002');
INSERT INTO `rolemodule` VALUES ('2', '100002');
INSERT INTO `rolemodule` VALUES ('3', '100002');
INSERT INTO `rolemodule` VALUES ('4', '100002');
INSERT INTO `rolemodule` VALUES ('6', '100002');
INSERT INTO `rolemodule` VALUES ('2', '110');
INSERT INTO `rolemodule` VALUES ('2', '110001');
INSERT INTO `rolemodule` VALUES ('2', '110002');
INSERT INTO `rolemodule` VALUES ('2', '120');
INSERT INTO `rolemodule` VALUES ('2', '120001');
INSERT INTO `rolemodule` VALUES ('2', '120002');
INSERT INTO `rolemodule` VALUES ('2', '130');
INSERT INTO `rolemodule` VALUES ('2', '130001');
INSERT INTO `rolemodule` VALUES ('2', '130002');
INSERT INTO `rolemodule` VALUES ('2', '140');
INSERT INTO `rolemodule` VALUES ('2', '140001');
INSERT INTO `rolemodule` VALUES ('2', '140002');
INSERT INTO `rolemodule` VALUES ('6', '150');
INSERT INTO `rolemodule` VALUES ('6', '150002');
INSERT INTO `rolemodule` VALUES ('3', '170');
INSERT INTO `rolemodule` VALUES ('4', '170');
INSERT INTO `rolemodule` VALUES ('4', '170000');
INSERT INTO `rolemodule` VALUES ('3', '170001');
INSERT INTO `rolemodule` VALUES ('4', '170001');
INSERT INTO `rolemodule` VALUES ('3', '170002');
INSERT INTO `rolemodule` VALUES ('4', '170002');
INSERT INTO `rolemodule` VALUES ('3', '170003');
INSERT INTO `rolemodule` VALUES ('4', '170003');
INSERT INTO `rolemodule` VALUES ('3', '170004');
INSERT INTO `rolemodule` VALUES ('4', '170004');
INSERT INTO `rolemodule` VALUES ('3', '170005');
INSERT INTO `rolemodule` VALUES ('3', '170006');
INSERT INTO `rolemodule` VALUES ('3', '170008');
INSERT INTO `rolemodule` VALUES ('3', '170009');
INSERT INTO `rolemodule` VALUES ('3', '180');
INSERT INTO `rolemodule` VALUES ('3', '180001');
INSERT INTO `rolemodule` VALUES ('3', '180002');
INSERT INTO `rolemodule` VALUES ('3', '180003');
INSERT INTO `rolemodule` VALUES ('1', '190');
INSERT INTO `rolemodule` VALUES ('1', '190001');
INSERT INTO `rolemodule` VALUES ('1', '190011');
INSERT INTO `rolemodule` VALUES ('1', '190012');
INSERT INTO `rolemodule` VALUES ('1', '190013');
INSERT INTO `scoreserial` VALUES ('1', '0');
INSERT INTO `scoreserial` VALUES ('2', '1');
INSERT INTO `scoreserial` VALUES ('3', '2');
INSERT INTO `scoreserial` VALUES ('4', '3');
INSERT INTO `scoreserial` VALUES ('5', '4');
INSERT INTO `scoreserial` VALUES ('6', '5');
INSERT INTO `scoreserial` VALUES ('7', '6');
INSERT INTO `scoreserial` VALUES ('8', '8');
INSERT INTO `scoreserial` VALUES ('9', '10');
INSERT INTO `scoreserial` VALUES ('10', '20');
INSERT INTO `scoreserial` VALUES ('11', '30');
INSERT INTO `scoreserial` VALUES ('12', '40');
INSERT INTO `scoreserial` VALUES ('13', '50');
INSERT INTO `user` VALUES ('1', '1', 'admin', 'admin', null, null, '', '系统管理员', '0', '2013-04-03', null, null, '', null, null, null, '1', '2013-04-26 14:43:22', null, '65', null);
INSERT INTO `user` VALUES ('2', '4', '吴志国', 'wzg019360', '10001', null, ' ', '吴志国', '0', null, null, null, '', null, null, null, '1', '2013-05-20 16:34:03', null, null, null);
INSERT INTO `user` VALUES ('3', '5', '郭峰', '123456', '10002', null, '', '郭峰', '0', null, null, null, '', null, null, null, '1', '2013-05-20 16:37:00', null, null, null);
INSERT INTO `user` VALUES ('3', '6', '任志刚', '123456', '10005', null, '', '任志刚', '0', null, null, null, '', null, null, null, '1', '2013-05-20 16:45:50', null, null, null);
INSERT INTO `user` VALUES ('3', '7', '王振涛', '123456', '10006', null, '', '王振涛', '0', null, null, null, '', null, null, null, '1', '2013-05-20 16:46:03', null, null, null);
INSERT INTO `user` VALUES ('4', '8', '吴铭', '123456', '10004', null, '', '吴铭', '0', null, null, null, '', null, null, null, '1', '2013-05-21 08:28:07', null, null, null);
INSERT INTO `user` VALUES ('4', '9', '翟毅然', '123456', '10007', null, '', '翟毅然', '1', null, null, null, '', null, null, null, '1', '2013-05-20 16:46:13', null, null, null);
INSERT INTO `user` VALUES ('4', '11', '陈莉', '123456', '10012', null, '', '陈莉', '1', null, null, null, '', null, null, null, '1', '2013-05-20 15:45:43', null, null, null);
INSERT INTO `user` VALUES ('5', '12', '宋春生', '123456', '10003', null, '', '宋春生', '0', null, null, null, '', null, null, null, '1', '2013-05-20 16:42:19', null, null, null);
INSERT INTO `user` VALUES ('5', '34', '王严', '123456', '10008', null, '', '王严', '1', null, null, null, '', null, null, null, null, '2013-05-20 16:46:20', null, null, null);
INSERT INTO `user` VALUES ('4', '35', '赵士坚', '123456', '10009', null, '', '赵士坚', '0', null, null, null, '', null, null, null, null, '2013-05-20 16:43:01', null, null, null);
INSERT INTO `user` VALUES ('5', '36', '赵紫云', '123456', '10010', null, '', '赵紫云', '1', null, null, null, '', null, null, null, null, '2013-05-20 16:46:30', null, null, null);
INSERT INTO `user` VALUES ('2', '37', '脱军武', '123456', '019786', null, '', '脱军武', '0', null, null, null, '', null, null, null, null, '2013-06-25 15:25:19', null, null, null);
INSERT INTO `user` VALUES ('5', '38', '牛小川', '123456', '10011', null, '', '牛小川', '0', null, null, null, '', null, null, null, null, '2013-05-20 16:46:51', null, null, null);
INSERT INTO `user` VALUES ('4', '39', '高飞', '123456', '10012', null, '', '高飞', '0', null, null, null, '', null, null, null, null, '2013-05-20 16:48:48', null, null, null);
INSERT INTO `user` VALUES ('30', '40', '王新宝', '123456', '1200001', null, '', '王新宝', '0', null, null, null, '', null, null, null, null, '2013-05-22 08:43:04', null, null, null);
INSERT INTO `user` VALUES ('6', '41', '一大队', '123456', '1100001', null, '', '一大队', '0', null, null, null, '', null, null, null, null, '2013-06-14 15:47:45', null, null, null);
INSERT INTO `user` VALUES ('7', '42', '二大队', '123456', '1100002', null, '', '二大队', '0', null, null, null, '', null, null, null, null, '2013-06-14 15:49:10', null, null, null);
INSERT INTO `user` VALUES ('8', '43', '三大队', '123456', '1100003', null, '', '三大队', '0', null, null, null, '', null, null, null, null, '2013-06-14 15:49:22', null, null, null);
INSERT INTO `user` VALUES ('9', '44', '四大队', '123456', '1100004', null, '', '四大队', '0', null, null, null, '', null, null, null, null, '2013-06-14 15:50:47', null, null, null);
INSERT INTO `user` VALUES ('11', '45', '六大队', '123456', '1100006', null, '', '六大队', '0', null, null, null, '', null, null, null, null, '2013-06-14 15:51:25', null, null, null);
INSERT INTO `user` VALUES ('10', '46', '五大队', '123456', '1100005', null, '', '五大队', '0', null, null, null, '', null, null, null, null, '2013-06-14 15:52:08', null, null, null);
INSERT INTO `user` VALUES ('12', '47', '防控大队', '123456', '1100007', null, '', '防控大队', '0', null, null, null, '', null, null, null, null, '2013-06-14 15:53:38', null, null, null);
INSERT INTO `user` VALUES ('28', '48', '永年大队', '123456', '1100008', null, '', '永年大队', '0', null, null, null, '', null, null, null, null, '2013-06-14 15:54:20', null, null, null);
INSERT INTO `user` VALUES ('27', '49', '磁县大队', '123456', '1100009', null, '', '磁县大队', '0', null, null, null, '', null, null, null, null, '2013-06-14 15:54:50', null, null, null);
INSERT INTO `user` VALUES ('19', '50', '曲周大队', '123456', '1100010', null, '', '曲周大队', '0', null, null, null, '', null, null, null, null, '2013-06-14 16:03:06', null, null, null);
INSERT INTO `user` VALUES ('22', '51', '临漳大队', '620418', '1100011', null, '', '李健民', '0', '1962-04-18', null, null, '13932051638', null, null, null, null, '2013-06-14 16:03:54', null, null, null);
INSERT INTO `userrole` VALUES ('1', '1');
INSERT INTO `userrole` VALUES ('4', '2');
INSERT INTO `userrole` VALUES ('5', '2');
INSERT INTO `userrole` VALUES ('6', '2');
INSERT INTO `userrole` VALUES ('7', '2');
INSERT INTO `userrole` VALUES ('8', '2');
INSERT INTO `userrole` VALUES ('9', '2');
INSERT INTO `userrole` VALUES ('11', '2');
INSERT INTO `userrole` VALUES ('12', '2');
INSERT INTO `userrole` VALUES ('34', '2');
INSERT INTO `userrole` VALUES ('35', '2');
INSERT INTO `userrole` VALUES ('36', '2');
INSERT INTO `userrole` VALUES ('37', '2');
INSERT INTO `userrole` VALUES ('38', '2');
INSERT INTO `userrole` VALUES ('39', '2');
INSERT INTO `userrole` VALUES ('8', '3');
INSERT INTO `userrole` VALUES ('12', '3');
INSERT INTO `userrole` VALUES ('37', '3');
INSERT INTO `userrole` VALUES ('40', '4');
INSERT INTO `userrole` VALUES ('41', '4');
INSERT INTO `userrole` VALUES ('42', '4');
INSERT INTO `userrole` VALUES ('43', '4');
INSERT INTO `userrole` VALUES ('44', '4');
INSERT INTO `userrole` VALUES ('45', '4');
INSERT INTO `userrole` VALUES ('46', '4');
INSERT INTO `userrole` VALUES ('47', '4');
INSERT INTO `userrole` VALUES ('48', '4');
INSERT INTO `userrole` VALUES ('49', '4');
INSERT INTO `userrole` VALUES ('50', '4');
INSERT INTO `userrole` VALUES ('51', '4');
INSERT INTO `userrole` VALUES ('4', '6');
INSERT INTO `userrole` VALUES ('37', '6');
